<application>
  <component name="FileTypeManager" version="19">
    <ignoreFiles list="*$py.class;*.pyc;*.pyo;*.rbc;*.yarb;*~;.DS_Store;.git;.hg;.mypy_cache;.pytest_cache;.ruff_cache;.svn;CVS;__pycache__;_svn;vssver.scc;vssver2.scc" />
    <extensionMap>
      <mapping ext="pstat" type="PLAIN_TEXT" />
      <mapping ext="dot" type="PLAIN_TEXT" />
      <mapping pattern="uv.lock" type="TOML" />
      <removed_mapping ext="apk" approved="true" type="ARCHIVE" />
      <removed_mapping ext="apk" approved="true" type="ARCHIVE" />
      <removed_mapping ext="csv" approved="true" type="CSV" />
      <removed_mapping ext="csv" approved="true" type="CSV" />
      <removed_mapping ext="csv" approved="true" type="CSV/TSV" />
      <removed_mapping ext="csv" approved="true" type="CSV/TSV" />
      <removed_mapping ext="inputactions" approved="true" type="JSON" />
      <removed_mapping ext="inputactions" approved="true" type="JSON" />
      <removed_mapping ext="log" approved="true" type="PLAIN_TEXT" />
      <removed_mapping ext="log" approved="true" type="PLAIN_TEXT" />
      <removed_mapping ext="mtl" approved="true" type="PLAIN_TEXT" />
      <removed_mapping ext="mtl" approved="true" type="PLAIN_TEXT" />
      <removed_mapping ext="obj" approved="true" type="PLAIN_TEXT" />
      <removed_mapping ext="obj" approved="true" type="PLAIN_TEXT" />
      <removed_mapping ext="pdf" approved="true" type="Native" />
      <removed_mapping ext="pdf" approved="true" type="Native" />
      <removed_mapping ext="psd" approved="true" type="Image" />
      <removed_mapping ext="psd" approved="true" type="Image" />
      <removed_mapping ext="rs" approved="true" type="Android RenderScript" />
      <removed_mapping ext="rs" approved="true" type="Android RenderScript" />
      <removed_mapping ext="tps" approved="true" type="XML" />
      <removed_mapping ext="tps" approved="true" type="XML" />
      <removed_mapping ext="tsv" approved="true" type="CSV/TSV" />
      <removed_mapping ext="tsv" approved="true" type="CSV/TSV" />
      <mapping ext="plantuml" type="PlantUML file" />
    </extensionMap>
  </component>
</application>