<application>
  <component name="ProjectJdkTable">
    <jdk version="2">
      <name value="corretto-21" />
      <type value="JavaSDK" />
      <version value="Amazon Corretto 21.0.4" />
      <homePath value="C:/Program Files/Java/corretto-21.0.4" />
      <roots>
        <annotationsPath>
          <root type="composite">
            <root url="jar://$APPLICATION_HOME_DIR$/plugins/java/lib/resources/jdkAnnotations.jar!/" type="simple" />
          </root>
        </annotationsPath>
        <classPath>
          <root type="composite">
            <root url="jrt://C:/Program Files/Java/corretto-21.0.4!/java.base" type="simple" />
            <root url="jrt://C:/Program Files/Java/corretto-21.0.4!/java.compiler" type="simple" />
            <root url="jrt://C:/Program Files/Java/corretto-21.0.4!/java.datatransfer" type="simple" />
            <root url="jrt://C:/Program Files/Java/corretto-21.0.4!/java.desktop" type="simple" />
            <root url="jrt://C:/Program Files/Java/corretto-21.0.4!/java.instrument" type="simple" />
            <root url="jrt://C:/Program Files/Java/corretto-21.0.4!/java.logging" type="simple" />
            <root url="jrt://C:/Program Files/Java/corretto-21.0.4!/java.management" type="simple" />
            <root url="jrt://C:/Program Files/Java/corretto-21.0.4!/java.management.rmi" type="simple" />
            <root url="jrt://C:/Program Files/Java/corretto-21.0.4!/java.naming" type="simple" />
            <root url="jrt://C:/Program Files/Java/corretto-21.0.4!/java.net.http" type="simple" />
            <root url="jrt://C:/Program Files/Java/corretto-21.0.4!/java.prefs" type="simple" />
            <root url="jrt://C:/Program Files/Java/corretto-21.0.4!/java.rmi" type="simple" />
            <root url="jrt://C:/Program Files/Java/corretto-21.0.4!/java.scripting" type="simple" />
            <root url="jrt://C:/Program Files/Java/corretto-21.0.4!/java.se" type="simple" />
            <root url="jrt://C:/Program Files/Java/corretto-21.0.4!/java.security.jgss" type="simple" />
            <root url="jrt://C:/Program Files/Java/corretto-21.0.4!/java.security.sasl" type="simple" />
            <root url="jrt://C:/Program Files/Java/corretto-21.0.4!/java.smartcardio" type="simple" />
            <root url="jrt://C:/Program Files/Java/corretto-21.0.4!/java.sql" type="simple" />
            <root url="jrt://C:/Program Files/Java/corretto-21.0.4!/java.sql.rowset" type="simple" />
            <root url="jrt://C:/Program Files/Java/corretto-21.0.4!/java.transaction.xa" type="simple" />
            <root url="jrt://C:/Program Files/Java/corretto-21.0.4!/java.xml" type="simple" />
            <root url="jrt://C:/Program Files/Java/corretto-21.0.4!/java.xml.crypto" type="simple" />
            <root url="jrt://C:/Program Files/Java/corretto-21.0.4!/jdk.accessibility" type="simple" />
            <root url="jrt://C:/Program Files/Java/corretto-21.0.4!/jdk.attach" type="simple" />
            <root url="jrt://C:/Program Files/Java/corretto-21.0.4!/jdk.charsets" type="simple" />
            <root url="jrt://C:/Program Files/Java/corretto-21.0.4!/jdk.compiler" type="simple" />
            <root url="jrt://C:/Program Files/Java/corretto-21.0.4!/jdk.crypto.cryptoki" type="simple" />
            <root url="jrt://C:/Program Files/Java/corretto-21.0.4!/jdk.crypto.ec" type="simple" />
            <root url="jrt://C:/Program Files/Java/corretto-21.0.4!/jdk.crypto.mscapi" type="simple" />
            <root url="jrt://C:/Program Files/Java/corretto-21.0.4!/jdk.dynalink" type="simple" />
            <root url="jrt://C:/Program Files/Java/corretto-21.0.4!/jdk.editpad" type="simple" />
            <root url="jrt://C:/Program Files/Java/corretto-21.0.4!/jdk.hotspot.agent" type="simple" />
            <root url="jrt://C:/Program Files/Java/corretto-21.0.4!/jdk.httpserver" type="simple" />
            <root url="jrt://C:/Program Files/Java/corretto-21.0.4!/jdk.incubator.vector" type="simple" />
            <root url="jrt://C:/Program Files/Java/corretto-21.0.4!/jdk.internal.ed" type="simple" />
            <root url="jrt://C:/Program Files/Java/corretto-21.0.4!/jdk.internal.jvmstat" type="simple" />
            <root url="jrt://C:/Program Files/Java/corretto-21.0.4!/jdk.internal.le" type="simple" />
            <root url="jrt://C:/Program Files/Java/corretto-21.0.4!/jdk.internal.opt" type="simple" />
            <root url="jrt://C:/Program Files/Java/corretto-21.0.4!/jdk.internal.vm.ci" type="simple" />
            <root url="jrt://C:/Program Files/Java/corretto-21.0.4!/jdk.internal.vm.compiler" type="simple" />
            <root url="jrt://C:/Program Files/Java/corretto-21.0.4!/jdk.internal.vm.compiler.management" type="simple" />
            <root url="jrt://C:/Program Files/Java/corretto-21.0.4!/jdk.jartool" type="simple" />
            <root url="jrt://C:/Program Files/Java/corretto-21.0.4!/jdk.javadoc" type="simple" />
            <root url="jrt://C:/Program Files/Java/corretto-21.0.4!/jdk.jcmd" type="simple" />
            <root url="jrt://C:/Program Files/Java/corretto-21.0.4!/jdk.jconsole" type="simple" />
            <root url="jrt://C:/Program Files/Java/corretto-21.0.4!/jdk.jdeps" type="simple" />
            <root url="jrt://C:/Program Files/Java/corretto-21.0.4!/jdk.jdi" type="simple" />
            <root url="jrt://C:/Program Files/Java/corretto-21.0.4!/jdk.jdwp.agent" type="simple" />
            <root url="jrt://C:/Program Files/Java/corretto-21.0.4!/jdk.jfr" type="simple" />
            <root url="jrt://C:/Program Files/Java/corretto-21.0.4!/jdk.jlink" type="simple" />
            <root url="jrt://C:/Program Files/Java/corretto-21.0.4!/jdk.jpackage" type="simple" />
            <root url="jrt://C:/Program Files/Java/corretto-21.0.4!/jdk.jshell" type="simple" />
            <root url="jrt://C:/Program Files/Java/corretto-21.0.4!/jdk.jsobject" type="simple" />
            <root url="jrt://C:/Program Files/Java/corretto-21.0.4!/jdk.jstatd" type="simple" />
            <root url="jrt://C:/Program Files/Java/corretto-21.0.4!/jdk.localedata" type="simple" />
            <root url="jrt://C:/Program Files/Java/corretto-21.0.4!/jdk.management" type="simple" />
            <root url="jrt://C:/Program Files/Java/corretto-21.0.4!/jdk.management.agent" type="simple" />
            <root url="jrt://C:/Program Files/Java/corretto-21.0.4!/jdk.management.jfr" type="simple" />
            <root url="jrt://C:/Program Files/Java/corretto-21.0.4!/jdk.naming.dns" type="simple" />
            <root url="jrt://C:/Program Files/Java/corretto-21.0.4!/jdk.naming.rmi" type="simple" />
            <root url="jrt://C:/Program Files/Java/corretto-21.0.4!/jdk.net" type="simple" />
            <root url="jrt://C:/Program Files/Java/corretto-21.0.4!/jdk.nio.mapmode" type="simple" />
            <root url="jrt://C:/Program Files/Java/corretto-21.0.4!/jdk.random" type="simple" />
            <root url="jrt://C:/Program Files/Java/corretto-21.0.4!/jdk.sctp" type="simple" />
            <root url="jrt://C:/Program Files/Java/corretto-21.0.4!/jdk.security.auth" type="simple" />
            <root url="jrt://C:/Program Files/Java/corretto-21.0.4!/jdk.security.jgss" type="simple" />
            <root url="jrt://C:/Program Files/Java/corretto-21.0.4!/jdk.unsupported" type="simple" />
            <root url="jrt://C:/Program Files/Java/corretto-21.0.4!/jdk.unsupported.desktop" type="simple" />
            <root url="jrt://C:/Program Files/Java/corretto-21.0.4!/jdk.xml.dom" type="simple" />
            <root url="jrt://C:/Program Files/Java/corretto-21.0.4!/jdk.zipfs" type="simple" />
          </root>
        </classPath>
        <javadocPath>
          <root type="composite" />
        </javadocPath>
        <sourcePath>
          <root type="composite">
            <root url="jar://C:/Program Files/Java/corretto-21.0.4/lib/src.zip!/java.se" type="simple" />
            <root url="jar://C:/Program Files/Java/corretto-21.0.4/lib/src.zip!/jdk.jdi" type="simple" />
            <root url="jar://C:/Program Files/Java/corretto-21.0.4/lib/src.zip!/jdk.jfr" type="simple" />
            <root url="jar://C:/Program Files/Java/corretto-21.0.4/lib/src.zip!/jdk.net" type="simple" />
            <root url="jar://C:/Program Files/Java/corretto-21.0.4/lib/src.zip!/java.rmi" type="simple" />
            <root url="jar://C:/Program Files/Java/corretto-21.0.4/lib/src.zip!/java.sql" type="simple" />
            <root url="jar://C:/Program Files/Java/corretto-21.0.4/lib/src.zip!/java.xml" type="simple" />
            <root url="jar://C:/Program Files/Java/corretto-21.0.4/lib/src.zip!/jdk.jcmd" type="simple" />
            <root url="jar://C:/Program Files/Java/corretto-21.0.4/lib/src.zip!/jdk.sctp" type="simple" />
            <root url="jar://C:/Program Files/Java/corretto-21.0.4/lib/src.zip!/java.base" type="simple" />
            <root url="jar://C:/Program Files/Java/corretto-21.0.4/lib/src.zip!/jdk.jdeps" type="simple" />
            <root url="jar://C:/Program Files/Java/corretto-21.0.4/lib/src.zip!/jdk.jlink" type="simple" />
            <root url="jar://C:/Program Files/Java/corretto-21.0.4/lib/src.zip!/jdk.zipfs" type="simple" />
            <root url="jar://C:/Program Files/Java/corretto-21.0.4/lib/src.zip!/java.prefs" type="simple" />
            <root url="jar://C:/Program Files/Java/corretto-21.0.4/lib/src.zip!/jdk.attach" type="simple" />
            <root url="jar://C:/Program Files/Java/corretto-21.0.4/lib/src.zip!/jdk.jshell" type="simple" />
            <root url="jar://C:/Program Files/Java/corretto-21.0.4/lib/src.zip!/jdk.jstatd" type="simple" />
            <root url="jar://C:/Program Files/Java/corretto-21.0.4/lib/src.zip!/jdk.random" type="simple" />
            <root url="jar://C:/Program Files/Java/corretto-21.0.4/lib/src.zip!/java.naming" type="simple" />
            <root url="jar://C:/Program Files/Java/corretto-21.0.4/lib/src.zip!/jdk.editpad" type="simple" />
            <root url="jar://C:/Program Files/Java/corretto-21.0.4/lib/src.zip!/jdk.jartool" type="simple" />
            <root url="jar://C:/Program Files/Java/corretto-21.0.4/lib/src.zip!/jdk.javadoc" type="simple" />
            <root url="jar://C:/Program Files/Java/corretto-21.0.4/lib/src.zip!/jdk.xml.dom" type="simple" />
            <root url="jar://C:/Program Files/Java/corretto-21.0.4/lib/src.zip!/java.desktop" type="simple" />
            <root url="jar://C:/Program Files/Java/corretto-21.0.4/lib/src.zip!/java.logging" type="simple" />
            <root url="jar://C:/Program Files/Java/corretto-21.0.4/lib/src.zip!/jdk.charsets" type="simple" />
            <root url="jar://C:/Program Files/Java/corretto-21.0.4/lib/src.zip!/jdk.compiler" type="simple" />
            <root url="jar://C:/Program Files/Java/corretto-21.0.4/lib/src.zip!/jdk.dynalink" type="simple" />
            <root url="jar://C:/Program Files/Java/corretto-21.0.4/lib/src.zip!/jdk.jconsole" type="simple" />
            <root url="jar://C:/Program Files/Java/corretto-21.0.4/lib/src.zip!/jdk.jpackage" type="simple" />
            <root url="jar://C:/Program Files/Java/corretto-21.0.4/lib/src.zip!/jdk.jsobject" type="simple" />
            <root url="jar://C:/Program Files/Java/corretto-21.0.4/lib/src.zip!/java.compiler" type="simple" />
            <root url="jar://C:/Program Files/Java/corretto-21.0.4/lib/src.zip!/java.net.http" type="simple" />
            <root url="jar://C:/Program Files/Java/corretto-21.0.4/lib/src.zip!/jdk.crypto.ec" type="simple" />
            <root url="jar://C:/Program Files/Java/corretto-21.0.4/lib/src.zip!/java.scripting" type="simple" />
            <root url="jar://C:/Program Files/Java/corretto-21.0.4/lib/src.zip!/jdk.httpserver" type="simple" />
            <root url="jar://C:/Program Files/Java/corretto-21.0.4/lib/src.zip!/jdk.jdwp.agent" type="simple" />
            <root url="jar://C:/Program Files/Java/corretto-21.0.4/lib/src.zip!/jdk.localedata" type="simple" />
            <root url="jar://C:/Program Files/Java/corretto-21.0.4/lib/src.zip!/jdk.management" type="simple" />
            <root url="jar://C:/Program Files/Java/corretto-21.0.4/lib/src.zip!/jdk.naming.dns" type="simple" />
            <root url="jar://C:/Program Files/Java/corretto-21.0.4/lib/src.zip!/jdk.naming.rmi" type="simple" />
            <root url="jar://C:/Program Files/Java/corretto-21.0.4/lib/src.zip!/java.instrument" type="simple" />
            <root url="jar://C:/Program Files/Java/corretto-21.0.4/lib/src.zip!/java.management" type="simple" />
            <root url="jar://C:/Program Files/Java/corretto-21.0.4/lib/src.zip!/java.sql.rowset" type="simple" />
            <root url="jar://C:/Program Files/Java/corretto-21.0.4/lib/src.zip!/java.xml.crypto" type="simple" />
            <root url="jar://C:/Program Files/Java/corretto-21.0.4/lib/src.zip!/jdk.internal.ed" type="simple" />
            <root url="jar://C:/Program Files/Java/corretto-21.0.4/lib/src.zip!/jdk.internal.le" type="simple" />
            <root url="jar://C:/Program Files/Java/corretto-21.0.4/lib/src.zip!/jdk.nio.mapmode" type="simple" />
            <root url="jar://C:/Program Files/Java/corretto-21.0.4/lib/src.zip!/jdk.unsupported" type="simple" />
            <root url="jar://C:/Program Files/Java/corretto-21.0.4/lib/src.zip!/java.smartcardio" type="simple" />
            <root url="jar://C:/Program Files/Java/corretto-21.0.4/lib/src.zip!/jdk.internal.opt" type="simple" />
            <root url="jar://C:/Program Files/Java/corretto-21.0.4/lib/src.zip!/java.datatransfer" type="simple" />
            <root url="jar://C:/Program Files/Java/corretto-21.0.4/lib/src.zip!/jdk.accessibility" type="simple" />
            <root url="jar://C:/Program Files/Java/corretto-21.0.4/lib/src.zip!/jdk.crypto.mscapi" type="simple" />
            <root url="jar://C:/Program Files/Java/corretto-21.0.4/lib/src.zip!/jdk.hotspot.agent" type="simple" />
            <root url="jar://C:/Program Files/Java/corretto-21.0.4/lib/src.zip!/jdk.security.auth" type="simple" />
            <root url="jar://C:/Program Files/Java/corretto-21.0.4/lib/src.zip!/jdk.security.jgss" type="simple" />
            <root url="jar://C:/Program Files/Java/corretto-21.0.4/lib/src.zip!/java.security.jgss" type="simple" />
            <root url="jar://C:/Program Files/Java/corretto-21.0.4/lib/src.zip!/java.security.sasl" type="simple" />
            <root url="jar://C:/Program Files/Java/corretto-21.0.4/lib/src.zip!/jdk.internal.vm.ci" type="simple" />
            <root url="jar://C:/Program Files/Java/corretto-21.0.4/lib/src.zip!/jdk.management.jfr" type="simple" />
            <root url="jar://C:/Program Files/Java/corretto-21.0.4/lib/src.zip!/java.management.rmi" type="simple" />
            <root url="jar://C:/Program Files/Java/corretto-21.0.4/lib/src.zip!/java.transaction.xa" type="simple" />
            <root url="jar://C:/Program Files/Java/corretto-21.0.4/lib/src.zip!/jdk.crypto.cryptoki" type="simple" />
            <root url="jar://C:/Program Files/Java/corretto-21.0.4/lib/src.zip!/jdk.incubator.vector" type="simple" />
            <root url="jar://C:/Program Files/Java/corretto-21.0.4/lib/src.zip!/jdk.internal.jvmstat" type="simple" />
            <root url="jar://C:/Program Files/Java/corretto-21.0.4/lib/src.zip!/jdk.management.agent" type="simple" />
            <root url="jar://C:/Program Files/Java/corretto-21.0.4/lib/src.zip!/jdk.unsupported.desktop" type="simple" />
            <root url="jar://C:/Program Files/Java/corretto-21.0.4/lib/src.zip!/jdk.internal.vm.compiler" type="simple" />
            <root url="jar://C:/Program Files/Java/corretto-21.0.4/lib/src.zip!/jdk.internal.vm.compiler.management" type="simple" />
          </root>
        </sourcePath>
      </roots>
    </jdk>
    <jdk version="2">
      <name value="MiKTeX Windows SDK (2)" />
      <type value="MiKTeX Windows SDK" />
      <version value="MiKTeX 24.1" />
      <homePath value="$USER_HOME$/AppData/Local/Programs/MiKTeX" />
      <roots>
        <annotationsPath>
          <root type="composite" />
        </annotationsPath>
        <classPath>
          <root type="composite" />
        </classPath>
        <javadocPath>
          <root type="composite" />
        </javadocPath>
        <sourcePath>
          <root type="composite" />
        </sourcePath>
      </roots>
    </jdk>
    <jdk version="2">
      <name value="Python 3.11" />
      <type value="Python SDK" />
      <version value="Python 3.11.1" />
      <homePath value="$USER_HOME$/AppData/Local/Programs/Python/Python311/python.exe" />
      <roots>
        <annotationsPath>
          <root type="composite" />
        </annotationsPath>
        <classPath>
          <root type="composite">
            <root url="file://$USER_HOME$/AppData/Local/Programs/Python/Python311/Lib" type="simple" />
            <root url="file://$USER_HOME$/AppData/Local/Programs/Python/Python311/DLLs" type="simple" />
            <root url="file://$USER_HOME$/AppData/Local/Programs/Python/Python311" type="simple" />
            <root url="file://$USER_HOME$/AppData/Local/Programs/Python/Python311/Lib/site-packages" type="simple" />
            <root url="file://$USER_HOME$/AppData/Local/JetBrains/IntelliJIdea2023.2/python_stubs/-742660462" type="simple" />
            <root url="file://$APPLICATION_PLUGINS_DIR$/python/helpers/python-skeletons" type="simple" />
            <root url="file://$APPLICATION_PLUGINS_DIR$/python/helpers/typeshed/stdlib" type="simple" />
            <root url="file://$APPLICATION_PLUGINS_DIR$/python/helpers/typeshed/stubs/gdb" type="simple" />
            <root url="file://$APPLICATION_PLUGINS_DIR$/python/helpers/typeshed/stubs/six" type="simple" />
            <root url="file://$APPLICATION_PLUGINS_DIR$/python/helpers/typeshed/stubs/boto" type="simple" />
            <root url="file://$APPLICATION_PLUGINS_DIR$/python/helpers/typeshed/stubs/cffi" type="simple" />
            <root url="file://$APPLICATION_PLUGINS_DIR$/python/helpers/typeshed/stubs/mock" type="simple" />
            <root url="file://$APPLICATION_PLUGINS_DIR$/python/helpers/typeshed/stubs/pytz" type="simple" />
            <root url="file://$APPLICATION_PLUGINS_DIR$/python/helpers/typeshed/stubs/toml" type="simple" />
            <root url="file://$APPLICATION_PLUGINS_DIR$/python/helpers/typeshed/stubs/tqdm" type="simple" />
            <root url="file://$APPLICATION_PLUGINS_DIR$/python/helpers/typeshed/stubs/annoy" type="simple" />
            <root url="file://$APPLICATION_PLUGINS_DIR$/python/helpers/typeshed/stubs/babel" type="simple" />
            <root url="file://$APPLICATION_PLUGINS_DIR$/python/helpers/typeshed/stubs/emoji" type="simple" />
            <root url="file://$APPLICATION_PLUGINS_DIR$/python/helpers/typeshed/stubs/first" type="simple" />
            <root url="file://$APPLICATION_PLUGINS_DIR$/python/helpers/typeshed/stubs/fpdf2" type="simple" />
            <root url="file://$APPLICATION_PLUGINS_DIR$/python/helpers/typeshed/stubs/ldap3" type="simple" />
            <root url="file://$APPLICATION_PLUGINS_DIR$/python/helpers/typeshed/stubs/polib" type="simple" />
            <root url="file://$APPLICATION_PLUGINS_DIR$/python/helpers/typeshed/stubs/redis" type="simple" />
            <root url="file://$APPLICATION_PLUGINS_DIR$/python/helpers/typeshed/stubs/regex" type="simple" />
            <root url="file://$APPLICATION_PLUGINS_DIR$/python/helpers/typeshed/stubs/retry" type="simple" />
            <root url="file://$APPLICATION_PLUGINS_DIR$/python/helpers/typeshed/stubs/ujson" type="simple" />
            <root url="file://$APPLICATION_PLUGINS_DIR$/python/helpers/typeshed/stubs/bleach" type="simple" />
            <root url="file://$APPLICATION_PLUGINS_DIR$/python/helpers/typeshed/stubs/caldav" type="simple" />
            <root url="file://$APPLICATION_PLUGINS_DIR$/python/helpers/typeshed/stubs/docopt" type="simple" />
            <root url="file://$APPLICATION_PLUGINS_DIR$/python/helpers/typeshed/stubs/hdbcli" type="simple" />
            <root url="file://$APPLICATION_PLUGINS_DIR$/python/helpers/typeshed/stubs/invoke" type="simple" />
            <root url="file://$APPLICATION_PLUGINS_DIR$/python/helpers/typeshed/stubs/passpy" type="simple" />
            <root url="file://$APPLICATION_PLUGINS_DIR$/python/helpers/typeshed/stubs/Pillow" type="simple" />
            <root url="file://$APPLICATION_PLUGINS_DIR$/python/helpers/typeshed/stubs/psutil" type="simple" />
            <root url="file://$APPLICATION_PLUGINS_DIR$/python/helpers/typeshed/stubs/pycurl" type="simple" />
            <root url="file://$APPLICATION_PLUGINS_DIR$/python/helpers/typeshed/stubs/pynput" type="simple" />
            <root url="file://$APPLICATION_PLUGINS_DIR$/python/helpers/typeshed/stubs/pysftp" type="simple" />
            <root url="file://$APPLICATION_PLUGINS_DIR$/python/helpers/typeshed/stubs/PyYAML" type="simple" />
            <root url="file://$APPLICATION_PLUGINS_DIR$/python/helpers/typeshed/stubs/stripe" type="simple" />
            <root url="file://$APPLICATION_PLUGINS_DIR$/python/helpers/typeshed/stubs/xxhash" type="simple" />
            <root url="file://$APPLICATION_PLUGINS_DIR$/python/helpers/typeshed/stubs/zxcvbn" type="simple" />
            <root url="file://$APPLICATION_PLUGINS_DIR$/python/helpers/typeshed/stubs/appdirs" type="simple" />
            <root url="file://$APPLICATION_PLUGINS_DIR$/python/helpers/typeshed/stubs/certifi" type="simple" />
            <root url="file://$APPLICATION_PLUGINS_DIR$/python/helpers/typeshed/stubs/chardet" type="simple" />
            <root url="file://$APPLICATION_PLUGINS_DIR$/python/helpers/typeshed/stubs/chevron" type="simple" />
            <root url="file://$APPLICATION_PLUGINS_DIR$/python/helpers/typeshed/stubs/D3DShot" type="simple" />
            <root url="file://$APPLICATION_PLUGINS_DIR$/python/helpers/typeshed/stubs/passlib" type="simple" />
            <root url="file://$APPLICATION_PLUGINS_DIR$/python/helpers/typeshed/stubs/pyaudio" type="simple" />
            <root url="file://$APPLICATION_PLUGINS_DIR$/python/helpers/typeshed/stubs/PyMySQL" type="simple" />
            <root url="file://$APPLICATION_PLUGINS_DIR$/python/helpers/typeshed/stubs/pyvmomi" type="simple" />
            <root url="file://$APPLICATION_PLUGINS_DIR$/python/helpers/typeshed/stubs/slumber" type="simple" />
            <root url="file://$APPLICATION_PLUGINS_DIR$/python/helpers/typeshed/stubs/tzlocal" type="simple" />
            <root url="file://$APPLICATION_PLUGINS_DIR$/python/helpers/typeshed/stubs/urllib3" type="simple" />
            <root url="file://$APPLICATION_PLUGINS_DIR$/python/helpers/typeshed/stubs/vobject" type="simple" />
            <root url="file://$APPLICATION_PLUGINS_DIR$/python/helpers/typeshed/stubs/aiofiles" type="simple" />
            <root url="file://$APPLICATION_PLUGINS_DIR$/python/helpers/typeshed/stubs/colorama" type="simple" />
            <root url="file://$APPLICATION_PLUGINS_DIR$/python/helpers/typeshed/stubs/croniter" type="simple" />
            <root url="file://$APPLICATION_PLUGINS_DIR$/python/helpers/typeshed/stubs/docutils" type="simple" />
            <root url="file://$APPLICATION_PLUGINS_DIR$/python/helpers/typeshed/stubs/html5lib" type="simple" />
            <root url="file://$APPLICATION_PLUGINS_DIR$/python/helpers/typeshed/stubs/httplib2" type="simple" />
            <root url="file://$APPLICATION_PLUGINS_DIR$/python/helpers/typeshed/stubs/jmespath" type="simple" />
            <root url="file://$APPLICATION_PLUGINS_DIR$/python/helpers/typeshed/stubs/keyboard" type="simple" />
            <root url="file://$APPLICATION_PLUGINS_DIR$/python/helpers/typeshed/stubs/Markdown" type="simple" />
            <root url="file://$APPLICATION_PLUGINS_DIR$/python/helpers/typeshed/stubs/oauthlib" type="simple" />
            <root url="file://$APPLICATION_PLUGINS_DIR$/python/helpers/typeshed/stubs/openpyxl" type="simple" />
            <root url="file://$APPLICATION_PLUGINS_DIR$/python/helpers/typeshed/stubs/paramiko" type="simple" />
            <root url="file://$APPLICATION_PLUGINS_DIR$/python/helpers/typeshed/stubs/psycopg2" type="simple" />
            <root url="file://$APPLICATION_PLUGINS_DIR$/python/helpers/typeshed/stubs/pyflakes" type="simple" />
            <root url="file://$APPLICATION_PLUGINS_DIR$/python/helpers/typeshed/stubs/Pygments" type="simple" />
            <root url="file://$APPLICATION_PLUGINS_DIR$/python/helpers/typeshed/stubs/requests" type="simple" />
            <root url="file://$APPLICATION_PLUGINS_DIR$/python/helpers/typeshed/stubs/tabulate" type="simple" />
            <root url="file://$APPLICATION_PLUGINS_DIR$/python/helpers/typeshed/stubs/toposort" type="simple" />
            <root url="file://$APPLICATION_PLUGINS_DIR$/python/helpers/typeshed/stubs/waitress" type="simple" />
            <root url="file://$APPLICATION_PLUGINS_DIR$/python/helpers/typeshed/stubs/braintree" type="simple" />
            <root url="file://$APPLICATION_PLUGINS_DIR$/python/helpers/typeshed/stubs/decorator" type="simple" />
            <root url="file://$APPLICATION_PLUGINS_DIR$/python/helpers/typeshed/stubs/freezegun" type="simple" />
            <root url="file://$APPLICATION_PLUGINS_DIR$/python/helpers/typeshed/stubs/playsound" type="simple" />
            <root url="file://$APPLICATION_PLUGINS_DIR$/python/helpers/typeshed/stubs/PyAutoGUI" type="simple" />
            <root url="file://$APPLICATION_PLUGINS_DIR$/python/helpers/typeshed/stubs/pyOpenSSL" type="simple" />
            <root url="file://$APPLICATION_PLUGINS_DIR$/python/helpers/typeshed/stubs/pyRFC3339" type="simple" />
            <root url="file://$APPLICATION_PLUGINS_DIR$/python/helpers/typeshed/stubs/termcolor" type="simple" />
            <root url="file://$APPLICATION_PLUGINS_DIR$/python/helpers/typeshed/stubs/ttkthemes" type="simple" />
            <root url="file://$APPLICATION_PLUGINS_DIR$/python/helpers/typeshed/stubs/typed-ast" type="simple" />
            <root url="file://$APPLICATION_PLUGINS_DIR$/python/helpers/typeshed/stubs/xmltodict" type="simple" />
            <root url="file://$APPLICATION_PLUGINS_DIR$/python/helpers/typeshed/stubs/cachetools" type="simple" />
            <root url="file://$APPLICATION_PLUGINS_DIR$/python/helpers/typeshed/stubs/commonmark" type="simple" />
            <root url="file://$APPLICATION_PLUGINS_DIR$/python/helpers/typeshed/stubs/dateparser" type="simple" />
            <root url="file://$APPLICATION_PLUGINS_DIR$/python/helpers/typeshed/stubs/Deprecated" type="simple" />
            <root url="file://$APPLICATION_PLUGINS_DIR$/python/helpers/typeshed/stubs/Flask-Cors" type="simple" />
            <root url="file://$APPLICATION_PLUGINS_DIR$/python/helpers/typeshed/stubs/jsonschema" type="simple" />
            <root url="file://$APPLICATION_PLUGINS_DIR$/python/helpers/typeshed/stubs/pyfarmhash" type="simple" />
            <root url="file://$APPLICATION_PLUGINS_DIR$/python/helpers/typeshed/stubs/Send2Trash" type="simple" />
            <root url="file://$APPLICATION_PLUGINS_DIR$/python/helpers/typeshed/stubs/setuptools" type="simple" />
            <root url="file://$APPLICATION_PLUGINS_DIR$/python/helpers/typeshed/stubs/simplejson" type="simple" />
            <root url="file://$APPLICATION_PLUGINS_DIR$/python/helpers/typeshed/stubs/SQLAlchemy" type="simple" />
            <root url="file://$APPLICATION_PLUGINS_DIR$/python/helpers/typeshed/stubs/contextvars" type="simple" />
            <root url="file://$APPLICATION_PLUGINS_DIR$/python/helpers/typeshed/stubs/entrypoints" type="simple" />
            <root url="file://$APPLICATION_PLUGINS_DIR$/python/helpers/typeshed/stubs/flake8-2020" type="simple" />
            <root url="file://$APPLICATION_PLUGINS_DIR$/python/helpers/typeshed/stubs/JACK-Client" type="simple" />
            <root url="file://$APPLICATION_PLUGINS_DIR$/python/helpers/typeshed/stubs/mysqlclient" type="simple" />
            <root url="file://$APPLICATION_PLUGINS_DIR$/python/helpers/typeshed/stubs/opentracing" type="simple" />
            <root url="file://$APPLICATION_PLUGINS_DIR$/python/helpers/typeshed/stubs/pep8-naming" type="simple" />
            <root url="file://$APPLICATION_PLUGINS_DIR$/python/helpers/typeshed/stubs/prettytable" type="simple" />
            <root url="file://$APPLICATION_PLUGINS_DIR$/python/helpers/typeshed/stubs/pyinstaller" type="simple" />
            <root url="file://$APPLICATION_PLUGINS_DIR$/python/helpers/typeshed/stubs/python-jose" type="simple" />
            <root url="file://$APPLICATION_PLUGINS_DIR$/python/helpers/typeshed/stubs/python-nmap" type="simple" />
            <root url="file://$APPLICATION_PLUGINS_DIR$/python/helpers/typeshed/stubs/stdlib-list" type="simple" />
            <root url="file://$APPLICATION_PLUGINS_DIR$/python/helpers/typeshed/stubs/tree-sitter" type="simple" />
            <root url="file://$APPLICATION_PLUGINS_DIR$/python/helpers/typeshed/stubs/atomicwrites" type="simple" />
            <root url="file://$APPLICATION_PLUGINS_DIR$/python/helpers/typeshed/stubs/aws-xray-sdk" type="simple" />
            <root url="file://$APPLICATION_PLUGINS_DIR$/python/helpers/typeshed/stubs/cryptography" type="simple" />
            <root url="file://$APPLICATION_PLUGINS_DIR$/python/helpers/typeshed/stubs/editdistance" type="simple" />
            <root url="file://$APPLICATION_PLUGINS_DIR$/python/helpers/typeshed/stubs/parsimonious" type="simple" />
            <root url="file://$APPLICATION_PLUGINS_DIR$/python/helpers/typeshed/stubs/whatthepatch" type="simple" />
            <root url="file://$APPLICATION_PLUGINS_DIR$/python/helpers/typeshed/stubs/click-spinner" type="simple" />
            <root url="file://$APPLICATION_PLUGINS_DIR$/python/helpers/typeshed/stubs/DateTimeRange" type="simple" />
            <root url="file://$APPLICATION_PLUGINS_DIR$/python/helpers/typeshed/stubs/humanfriendly" type="simple" />
            <root url="file://$APPLICATION_PLUGINS_DIR$/python/helpers/typeshed/stubs/python-gflags" type="simple" />
            <root url="file://$APPLICATION_PLUGINS_DIR$/python/helpers/typeshed/stubs/beautifulsoup4" type="simple" />
            <root url="file://$APPLICATION_PLUGINS_DIR$/python/helpers/typeshed/stubs/flake8-bugbear" type="simple" />
            <root url="file://$APPLICATION_PLUGINS_DIR$/python/helpers/typeshed/stubs/python-slugify" type="simple" />
            <root url="file://$APPLICATION_PLUGINS_DIR$/python/helpers/typeshed/stubs/singledispatch" type="simple" />
            <root url="file://$APPLICATION_PLUGINS_DIR$/python/helpers/typeshed/stubs/dj-database-url" type="simple" />
            <root url="file://$APPLICATION_PLUGINS_DIR$/python/helpers/typeshed/stubs/flake8-builtins" type="simple" />
            <root url="file://$APPLICATION_PLUGINS_DIR$/python/helpers/typeshed/stubs/flake8-simplify" type="simple" />
            <root url="file://$APPLICATION_PLUGINS_DIR$/python/helpers/typeshed/stubs/mypy-extensions" type="simple" />
            <root url="file://$APPLICATION_PLUGINS_DIR$/python/helpers/typeshed/stubs/python-dateutil" type="simple" />
            <root url="file://$APPLICATION_PLUGINS_DIR$/python/helpers/typeshed/stubs/Flask-SQLAlchemy" type="simple" />
            <root url="file://$APPLICATION_PLUGINS_DIR$/python/helpers/typeshed/stubs/flake8-docstrings" type="simple" />
            <root url="file://$APPLICATION_PLUGINS_DIR$/python/helpers/typeshed/stubs/flake8-plugin-utils" type="simple" />
            <root url="file://$APPLICATION_PLUGINS_DIR$/python/helpers/typeshed/stubs/pytest-lazy-fixture" type="simple" />
            <root url="file://$APPLICATION_PLUGINS_DIR$/python/helpers/typeshed/stubs/flake8-rst-docstrings" type="simple" />
            <root url="file://$APPLICATION_PLUGINS_DIR$/python/helpers/typeshed/stubs/flake8-typing-imports" type="simple" />
            <root url="file://$APPLICATION_PLUGINS_DIR$/python/helpers/typeshed/stubs/tree-sitter-languages" type="simple" />
            <root url="file://$APPLICATION_PLUGINS_DIR$/python/helpers/typeshed/stubs/backports.ssl_match_hostname" type="simple" />
          </root>
        </classPath>
        <javadocPath>
          <root type="composite" />
        </javadocPath>
        <sourcePath>
          <root type="composite" />
        </sourcePath>
      </roots>
      <additional SDK_UUID="76ba2234-267c-4acf-893f-cc24eb76a46a">
        <setting name="FLAVOR_ID" value="WinPythonSdkFlavor" />
        <setting name="FLAVOR_DATA" value="{}" />
      </additional>
    </jdk>
    <jdk version="2">
      <name value="Python 3.11 (spotify-cli)" />
      <type value="Python SDK" />
      <version value="Python 3.11.1" />
      <homePath value="$USER_HOME$/IdeaProjects/spotify-cli/venv/Scripts/python.exe" />
      <roots>
        <annotationsPath>
          <root type="composite" />
        </annotationsPath>
        <classPath>
          <root type="composite">
            <root url="file://$USER_HOME$/AppData/Local/Programs/Python/Python311/DLLs" type="simple" />
            <root url="file://$USER_HOME$/AppData/Local/Programs/Python/Python311/Lib" type="simple" />
            <root url="file://$USER_HOME$/AppData/Local/Programs/Python/Python311" type="simple" />
            <root url="file://$USER_HOME$/IdeaProjects/spotify-cli/venv" type="simple" />
            <root url="file://$USER_HOME$/IdeaProjects/spotify-cli/venv/Lib/site-packages" type="simple" />
            <root url="file://$USER_HOME$/AppData/Local/JetBrains/IntelliJIdea2023.2/python_stubs/-1778171362" type="simple" />
            <root url="file://$APPLICATION_PLUGINS_DIR$/python/helpers/python-skeletons" type="simple" />
            <root url="file://$APPLICATION_PLUGINS_DIR$/python/helpers/typeshed/stdlib" type="simple" />
            <root url="file://$APPLICATION_PLUGINS_DIR$/python/helpers/typeshed/stubs/gdb" type="simple" />
            <root url="file://$APPLICATION_PLUGINS_DIR$/python/helpers/typeshed/stubs/six" type="simple" />
            <root url="file://$APPLICATION_PLUGINS_DIR$/python/helpers/typeshed/stubs/boto" type="simple" />
            <root url="file://$APPLICATION_PLUGINS_DIR$/python/helpers/typeshed/stubs/cffi" type="simple" />
            <root url="file://$APPLICATION_PLUGINS_DIR$/python/helpers/typeshed/stubs/mock" type="simple" />
            <root url="file://$APPLICATION_PLUGINS_DIR$/python/helpers/typeshed/stubs/pytz" type="simple" />
            <root url="file://$APPLICATION_PLUGINS_DIR$/python/helpers/typeshed/stubs/toml" type="simple" />
            <root url="file://$APPLICATION_PLUGINS_DIR$/python/helpers/typeshed/stubs/tqdm" type="simple" />
            <root url="file://$APPLICATION_PLUGINS_DIR$/python/helpers/typeshed/stubs/annoy" type="simple" />
            <root url="file://$APPLICATION_PLUGINS_DIR$/python/helpers/typeshed/stubs/babel" type="simple" />
            <root url="file://$APPLICATION_PLUGINS_DIR$/python/helpers/typeshed/stubs/emoji" type="simple" />
            <root url="file://$APPLICATION_PLUGINS_DIR$/python/helpers/typeshed/stubs/first" type="simple" />
            <root url="file://$APPLICATION_PLUGINS_DIR$/python/helpers/typeshed/stubs/fpdf2" type="simple" />
            <root url="file://$APPLICATION_PLUGINS_DIR$/python/helpers/typeshed/stubs/ldap3" type="simple" />
            <root url="file://$APPLICATION_PLUGINS_DIR$/python/helpers/typeshed/stubs/polib" type="simple" />
            <root url="file://$APPLICATION_PLUGINS_DIR$/python/helpers/typeshed/stubs/redis" type="simple" />
            <root url="file://$APPLICATION_PLUGINS_DIR$/python/helpers/typeshed/stubs/regex" type="simple" />
            <root url="file://$APPLICATION_PLUGINS_DIR$/python/helpers/typeshed/stubs/retry" type="simple" />
            <root url="file://$APPLICATION_PLUGINS_DIR$/python/helpers/typeshed/stubs/ujson" type="simple" />
            <root url="file://$APPLICATION_PLUGINS_DIR$/python/helpers/typeshed/stubs/bleach" type="simple" />
            <root url="file://$APPLICATION_PLUGINS_DIR$/python/helpers/typeshed/stubs/caldav" type="simple" />
            <root url="file://$APPLICATION_PLUGINS_DIR$/python/helpers/typeshed/stubs/docopt" type="simple" />
            <root url="file://$APPLICATION_PLUGINS_DIR$/python/helpers/typeshed/stubs/hdbcli" type="simple" />
            <root url="file://$APPLICATION_PLUGINS_DIR$/python/helpers/typeshed/stubs/invoke" type="simple" />
            <root url="file://$APPLICATION_PLUGINS_DIR$/python/helpers/typeshed/stubs/passpy" type="simple" />
            <root url="file://$APPLICATION_PLUGINS_DIR$/python/helpers/typeshed/stubs/Pillow" type="simple" />
            <root url="file://$APPLICATION_PLUGINS_DIR$/python/helpers/typeshed/stubs/psutil" type="simple" />
            <root url="file://$APPLICATION_PLUGINS_DIR$/python/helpers/typeshed/stubs/pycurl" type="simple" />
            <root url="file://$APPLICATION_PLUGINS_DIR$/python/helpers/typeshed/stubs/pynput" type="simple" />
            <root url="file://$APPLICATION_PLUGINS_DIR$/python/helpers/typeshed/stubs/pysftp" type="simple" />
            <root url="file://$APPLICATION_PLUGINS_DIR$/python/helpers/typeshed/stubs/PyYAML" type="simple" />
            <root url="file://$APPLICATION_PLUGINS_DIR$/python/helpers/typeshed/stubs/stripe" type="simple" />
            <root url="file://$APPLICATION_PLUGINS_DIR$/python/helpers/typeshed/stubs/xxhash" type="simple" />
            <root url="file://$APPLICATION_PLUGINS_DIR$/python/helpers/typeshed/stubs/zxcvbn" type="simple" />
            <root url="file://$APPLICATION_PLUGINS_DIR$/python/helpers/typeshed/stubs/appdirs" type="simple" />
            <root url="file://$APPLICATION_PLUGINS_DIR$/python/helpers/typeshed/stubs/certifi" type="simple" />
            <root url="file://$APPLICATION_PLUGINS_DIR$/python/helpers/typeshed/stubs/chardet" type="simple" />
            <root url="file://$APPLICATION_PLUGINS_DIR$/python/helpers/typeshed/stubs/chevron" type="simple" />
            <root url="file://$APPLICATION_PLUGINS_DIR$/python/helpers/typeshed/stubs/D3DShot" type="simple" />
            <root url="file://$APPLICATION_PLUGINS_DIR$/python/helpers/typeshed/stubs/passlib" type="simple" />
            <root url="file://$APPLICATION_PLUGINS_DIR$/python/helpers/typeshed/stubs/pyaudio" type="simple" />
            <root url="file://$APPLICATION_PLUGINS_DIR$/python/helpers/typeshed/stubs/PyMySQL" type="simple" />
            <root url="file://$APPLICATION_PLUGINS_DIR$/python/helpers/typeshed/stubs/pyvmomi" type="simple" />
            <root url="file://$APPLICATION_PLUGINS_DIR$/python/helpers/typeshed/stubs/slumber" type="simple" />
            <root url="file://$APPLICATION_PLUGINS_DIR$/python/helpers/typeshed/stubs/tzlocal" type="simple" />
            <root url="file://$APPLICATION_PLUGINS_DIR$/python/helpers/typeshed/stubs/urllib3" type="simple" />
            <root url="file://$APPLICATION_PLUGINS_DIR$/python/helpers/typeshed/stubs/vobject" type="simple" />
            <root url="file://$APPLICATION_PLUGINS_DIR$/python/helpers/typeshed/stubs/aiofiles" type="simple" />
            <root url="file://$APPLICATION_PLUGINS_DIR$/python/helpers/typeshed/stubs/colorama" type="simple" />
            <root url="file://$APPLICATION_PLUGINS_DIR$/python/helpers/typeshed/stubs/croniter" type="simple" />
            <root url="file://$APPLICATION_PLUGINS_DIR$/python/helpers/typeshed/stubs/docutils" type="simple" />
            <root url="file://$APPLICATION_PLUGINS_DIR$/python/helpers/typeshed/stubs/html5lib" type="simple" />
            <root url="file://$APPLICATION_PLUGINS_DIR$/python/helpers/typeshed/stubs/httplib2" type="simple" />
            <root url="file://$APPLICATION_PLUGINS_DIR$/python/helpers/typeshed/stubs/jmespath" type="simple" />
            <root url="file://$APPLICATION_PLUGINS_DIR$/python/helpers/typeshed/stubs/keyboard" type="simple" />
            <root url="file://$APPLICATION_PLUGINS_DIR$/python/helpers/typeshed/stubs/Markdown" type="simple" />
            <root url="file://$APPLICATION_PLUGINS_DIR$/python/helpers/typeshed/stubs/oauthlib" type="simple" />
            <root url="file://$APPLICATION_PLUGINS_DIR$/python/helpers/typeshed/stubs/openpyxl" type="simple" />
            <root url="file://$APPLICATION_PLUGINS_DIR$/python/helpers/typeshed/stubs/paramiko" type="simple" />
            <root url="file://$APPLICATION_PLUGINS_DIR$/python/helpers/typeshed/stubs/psycopg2" type="simple" />
            <root url="file://$APPLICATION_PLUGINS_DIR$/python/helpers/typeshed/stubs/pyflakes" type="simple" />
            <root url="file://$APPLICATION_PLUGINS_DIR$/python/helpers/typeshed/stubs/Pygments" type="simple" />
            <root url="file://$APPLICATION_PLUGINS_DIR$/python/helpers/typeshed/stubs/requests" type="simple" />
            <root url="file://$APPLICATION_PLUGINS_DIR$/python/helpers/typeshed/stubs/tabulate" type="simple" />
            <root url="file://$APPLICATION_PLUGINS_DIR$/python/helpers/typeshed/stubs/toposort" type="simple" />
            <root url="file://$APPLICATION_PLUGINS_DIR$/python/helpers/typeshed/stubs/waitress" type="simple" />
            <root url="file://$APPLICATION_PLUGINS_DIR$/python/helpers/typeshed/stubs/braintree" type="simple" />
            <root url="file://$APPLICATION_PLUGINS_DIR$/python/helpers/typeshed/stubs/decorator" type="simple" />
            <root url="file://$APPLICATION_PLUGINS_DIR$/python/helpers/typeshed/stubs/freezegun" type="simple" />
            <root url="file://$APPLICATION_PLUGINS_DIR$/python/helpers/typeshed/stubs/playsound" type="simple" />
            <root url="file://$APPLICATION_PLUGINS_DIR$/python/helpers/typeshed/stubs/PyAutoGUI" type="simple" />
            <root url="file://$APPLICATION_PLUGINS_DIR$/python/helpers/typeshed/stubs/pyOpenSSL" type="simple" />
            <root url="file://$APPLICATION_PLUGINS_DIR$/python/helpers/typeshed/stubs/pyRFC3339" type="simple" />
            <root url="file://$APPLICATION_PLUGINS_DIR$/python/helpers/typeshed/stubs/termcolor" type="simple" />
            <root url="file://$APPLICATION_PLUGINS_DIR$/python/helpers/typeshed/stubs/ttkthemes" type="simple" />
            <root url="file://$APPLICATION_PLUGINS_DIR$/python/helpers/typeshed/stubs/typed-ast" type="simple" />
            <root url="file://$APPLICATION_PLUGINS_DIR$/python/helpers/typeshed/stubs/xmltodict" type="simple" />
            <root url="file://$APPLICATION_PLUGINS_DIR$/python/helpers/typeshed/stubs/cachetools" type="simple" />
            <root url="file://$APPLICATION_PLUGINS_DIR$/python/helpers/typeshed/stubs/commonmark" type="simple" />
            <root url="file://$APPLICATION_PLUGINS_DIR$/python/helpers/typeshed/stubs/dateparser" type="simple" />
            <root url="file://$APPLICATION_PLUGINS_DIR$/python/helpers/typeshed/stubs/Deprecated" type="simple" />
            <root url="file://$APPLICATION_PLUGINS_DIR$/python/helpers/typeshed/stubs/Flask-Cors" type="simple" />
            <root url="file://$APPLICATION_PLUGINS_DIR$/python/helpers/typeshed/stubs/jsonschema" type="simple" />
            <root url="file://$APPLICATION_PLUGINS_DIR$/python/helpers/typeshed/stubs/pyfarmhash" type="simple" />
            <root url="file://$APPLICATION_PLUGINS_DIR$/python/helpers/typeshed/stubs/Send2Trash" type="simple" />
            <root url="file://$APPLICATION_PLUGINS_DIR$/python/helpers/typeshed/stubs/setuptools" type="simple" />
            <root url="file://$APPLICATION_PLUGINS_DIR$/python/helpers/typeshed/stubs/simplejson" type="simple" />
            <root url="file://$APPLICATION_PLUGINS_DIR$/python/helpers/typeshed/stubs/SQLAlchemy" type="simple" />
            <root url="file://$APPLICATION_PLUGINS_DIR$/python/helpers/typeshed/stubs/contextvars" type="simple" />
            <root url="file://$APPLICATION_PLUGINS_DIR$/python/helpers/typeshed/stubs/entrypoints" type="simple" />
            <root url="file://$APPLICATION_PLUGINS_DIR$/python/helpers/typeshed/stubs/flake8-2020" type="simple" />
            <root url="file://$APPLICATION_PLUGINS_DIR$/python/helpers/typeshed/stubs/JACK-Client" type="simple" />
            <root url="file://$APPLICATION_PLUGINS_DIR$/python/helpers/typeshed/stubs/mysqlclient" type="simple" />
            <root url="file://$APPLICATION_PLUGINS_DIR$/python/helpers/typeshed/stubs/opentracing" type="simple" />
            <root url="file://$APPLICATION_PLUGINS_DIR$/python/helpers/typeshed/stubs/pep8-naming" type="simple" />
            <root url="file://$APPLICATION_PLUGINS_DIR$/python/helpers/typeshed/stubs/prettytable" type="simple" />
            <root url="file://$APPLICATION_PLUGINS_DIR$/python/helpers/typeshed/stubs/pyinstaller" type="simple" />
            <root url="file://$APPLICATION_PLUGINS_DIR$/python/helpers/typeshed/stubs/python-jose" type="simple" />
            <root url="file://$APPLICATION_PLUGINS_DIR$/python/helpers/typeshed/stubs/python-nmap" type="simple" />
            <root url="file://$APPLICATION_PLUGINS_DIR$/python/helpers/typeshed/stubs/stdlib-list" type="simple" />
            <root url="file://$APPLICATION_PLUGINS_DIR$/python/helpers/typeshed/stubs/tree-sitter" type="simple" />
            <root url="file://$APPLICATION_PLUGINS_DIR$/python/helpers/typeshed/stubs/atomicwrites" type="simple" />
            <root url="file://$APPLICATION_PLUGINS_DIR$/python/helpers/typeshed/stubs/aws-xray-sdk" type="simple" />
            <root url="file://$APPLICATION_PLUGINS_DIR$/python/helpers/typeshed/stubs/cryptography" type="simple" />
            <root url="file://$APPLICATION_PLUGINS_DIR$/python/helpers/typeshed/stubs/editdistance" type="simple" />
            <root url="file://$APPLICATION_PLUGINS_DIR$/python/helpers/typeshed/stubs/parsimonious" type="simple" />
            <root url="file://$APPLICATION_PLUGINS_DIR$/python/helpers/typeshed/stubs/whatthepatch" type="simple" />
            <root url="file://$APPLICATION_PLUGINS_DIR$/python/helpers/typeshed/stubs/click-spinner" type="simple" />
            <root url="file://$APPLICATION_PLUGINS_DIR$/python/helpers/typeshed/stubs/DateTimeRange" type="simple" />
            <root url="file://$APPLICATION_PLUGINS_DIR$/python/helpers/typeshed/stubs/humanfriendly" type="simple" />
            <root url="file://$APPLICATION_PLUGINS_DIR$/python/helpers/typeshed/stubs/python-gflags" type="simple" />
            <root url="file://$APPLICATION_PLUGINS_DIR$/python/helpers/typeshed/stubs/beautifulsoup4" type="simple" />
            <root url="file://$APPLICATION_PLUGINS_DIR$/python/helpers/typeshed/stubs/flake8-bugbear" type="simple" />
            <root url="file://$APPLICATION_PLUGINS_DIR$/python/helpers/typeshed/stubs/python-slugify" type="simple" />
            <root url="file://$APPLICATION_PLUGINS_DIR$/python/helpers/typeshed/stubs/singledispatch" type="simple" />
            <root url="file://$APPLICATION_PLUGINS_DIR$/python/helpers/typeshed/stubs/dj-database-url" type="simple" />
            <root url="file://$APPLICATION_PLUGINS_DIR$/python/helpers/typeshed/stubs/flake8-builtins" type="simple" />
            <root url="file://$APPLICATION_PLUGINS_DIR$/python/helpers/typeshed/stubs/flake8-simplify" type="simple" />
            <root url="file://$APPLICATION_PLUGINS_DIR$/python/helpers/typeshed/stubs/mypy-extensions" type="simple" />
            <root url="file://$APPLICATION_PLUGINS_DIR$/python/helpers/typeshed/stubs/python-dateutil" type="simple" />
            <root url="file://$APPLICATION_PLUGINS_DIR$/python/helpers/typeshed/stubs/Flask-SQLAlchemy" type="simple" />
            <root url="file://$APPLICATION_PLUGINS_DIR$/python/helpers/typeshed/stubs/flake8-docstrings" type="simple" />
            <root url="file://$APPLICATION_PLUGINS_DIR$/python/helpers/typeshed/stubs/flake8-plugin-utils" type="simple" />
            <root url="file://$APPLICATION_PLUGINS_DIR$/python/helpers/typeshed/stubs/pytest-lazy-fixture" type="simple" />
            <root url="file://$APPLICATION_PLUGINS_DIR$/python/helpers/typeshed/stubs/flake8-rst-docstrings" type="simple" />
            <root url="file://$APPLICATION_PLUGINS_DIR$/python/helpers/typeshed/stubs/flake8-typing-imports" type="simple" />
            <root url="file://$APPLICATION_PLUGINS_DIR$/python/helpers/typeshed/stubs/tree-sitter-languages" type="simple" />
            <root url="file://$APPLICATION_PLUGINS_DIR$/python/helpers/typeshed/stubs/backports.ssl_match_hostname" type="simple" />
          </root>
        </classPath>
        <javadocPath>
          <root type="composite" />
        </javadocPath>
        <sourcePath>
          <root type="composite" />
        </sourcePath>
      </roots>
      <additional SDK_UUID="fe6c8d27-c82d-40d8-83b6-0b18fea814ed">
        <setting name="FLAVOR_ID" value="VirtualEnvSdkFlavor" />
        <setting name="FLAVOR_DATA" value="{}" />
      </additional>
    </jdk>
    <jdk version="2">
      <name value="23" />
      <type value="JavaSDK" />
      <version value="Oracle OpenJDK 23" />
      <homePath value="C:/Program Files/Java/openjdk-23" />
      <roots>
        <annotationsPath>
          <root type="composite">
            <root url="jar://$APPLICATION_HOME_DIR$/plugins/java/lib/resources/jdkAnnotations.jar!/" type="simple" />
          </root>
        </annotationsPath>
        <classPath>
          <root type="composite">
            <root url="jrt://C:/Program Files/Java/openjdk-23!/java.base" type="simple" />
            <root url="jrt://C:/Program Files/Java/openjdk-23!/java.compiler" type="simple" />
            <root url="jrt://C:/Program Files/Java/openjdk-23!/java.datatransfer" type="simple" />
            <root url="jrt://C:/Program Files/Java/openjdk-23!/java.desktop" type="simple" />
            <root url="jrt://C:/Program Files/Java/openjdk-23!/java.instrument" type="simple" />
            <root url="jrt://C:/Program Files/Java/openjdk-23!/java.logging" type="simple" />
            <root url="jrt://C:/Program Files/Java/openjdk-23!/java.management" type="simple" />
            <root url="jrt://C:/Program Files/Java/openjdk-23!/java.management.rmi" type="simple" />
            <root url="jrt://C:/Program Files/Java/openjdk-23!/java.naming" type="simple" />
            <root url="jrt://C:/Program Files/Java/openjdk-23!/java.net.http" type="simple" />
            <root url="jrt://C:/Program Files/Java/openjdk-23!/java.prefs" type="simple" />
            <root url="jrt://C:/Program Files/Java/openjdk-23!/java.rmi" type="simple" />
            <root url="jrt://C:/Program Files/Java/openjdk-23!/java.scripting" type="simple" />
            <root url="jrt://C:/Program Files/Java/openjdk-23!/java.se" type="simple" />
            <root url="jrt://C:/Program Files/Java/openjdk-23!/java.security.jgss" type="simple" />
            <root url="jrt://C:/Program Files/Java/openjdk-23!/java.security.sasl" type="simple" />
            <root url="jrt://C:/Program Files/Java/openjdk-23!/java.smartcardio" type="simple" />
            <root url="jrt://C:/Program Files/Java/openjdk-23!/java.sql" type="simple" />
            <root url="jrt://C:/Program Files/Java/openjdk-23!/java.sql.rowset" type="simple" />
            <root url="jrt://C:/Program Files/Java/openjdk-23!/java.transaction.xa" type="simple" />
            <root url="jrt://C:/Program Files/Java/openjdk-23!/java.xml" type="simple" />
            <root url="jrt://C:/Program Files/Java/openjdk-23!/java.xml.crypto" type="simple" />
            <root url="jrt://C:/Program Files/Java/openjdk-23!/jdk.accessibility" type="simple" />
            <root url="jrt://C:/Program Files/Java/openjdk-23!/jdk.attach" type="simple" />
            <root url="jrt://C:/Program Files/Java/openjdk-23!/jdk.charsets" type="simple" />
            <root url="jrt://C:/Program Files/Java/openjdk-23!/jdk.compiler" type="simple" />
            <root url="jrt://C:/Program Files/Java/openjdk-23!/jdk.crypto.cryptoki" type="simple" />
            <root url="jrt://C:/Program Files/Java/openjdk-23!/jdk.crypto.ec" type="simple" />
            <root url="jrt://C:/Program Files/Java/openjdk-23!/jdk.crypto.mscapi" type="simple" />
            <root url="jrt://C:/Program Files/Java/openjdk-23!/jdk.dynalink" type="simple" />
            <root url="jrt://C:/Program Files/Java/openjdk-23!/jdk.editpad" type="simple" />
            <root url="jrt://C:/Program Files/Java/openjdk-23!/jdk.graal.compiler" type="simple" />
            <root url="jrt://C:/Program Files/Java/openjdk-23!/jdk.graal.compiler.management" type="simple" />
            <root url="jrt://C:/Program Files/Java/openjdk-23!/jdk.hotspot.agent" type="simple" />
            <root url="jrt://C:/Program Files/Java/openjdk-23!/jdk.httpserver" type="simple" />
            <root url="jrt://C:/Program Files/Java/openjdk-23!/jdk.incubator.vector" type="simple" />
            <root url="jrt://C:/Program Files/Java/openjdk-23!/jdk.internal.ed" type="simple" />
            <root url="jrt://C:/Program Files/Java/openjdk-23!/jdk.internal.jvmstat" type="simple" />
            <root url="jrt://C:/Program Files/Java/openjdk-23!/jdk.internal.le" type="simple" />
            <root url="jrt://C:/Program Files/Java/openjdk-23!/jdk.internal.md" type="simple" />
            <root url="jrt://C:/Program Files/Java/openjdk-23!/jdk.internal.opt" type="simple" />
            <root url="jrt://C:/Program Files/Java/openjdk-23!/jdk.internal.vm.ci" type="simple" />
            <root url="jrt://C:/Program Files/Java/openjdk-23!/jdk.jartool" type="simple" />
            <root url="jrt://C:/Program Files/Java/openjdk-23!/jdk.javadoc" type="simple" />
            <root url="jrt://C:/Program Files/Java/openjdk-23!/jdk.jcmd" type="simple" />
            <root url="jrt://C:/Program Files/Java/openjdk-23!/jdk.jconsole" type="simple" />
            <root url="jrt://C:/Program Files/Java/openjdk-23!/jdk.jdeps" type="simple" />
            <root url="jrt://C:/Program Files/Java/openjdk-23!/jdk.jdi" type="simple" />
            <root url="jrt://C:/Program Files/Java/openjdk-23!/jdk.jdwp.agent" type="simple" />
            <root url="jrt://C:/Program Files/Java/openjdk-23!/jdk.jfr" type="simple" />
            <root url="jrt://C:/Program Files/Java/openjdk-23!/jdk.jlink" type="simple" />
            <root url="jrt://C:/Program Files/Java/openjdk-23!/jdk.jpackage" type="simple" />
            <root url="jrt://C:/Program Files/Java/openjdk-23!/jdk.jshell" type="simple" />
            <root url="jrt://C:/Program Files/Java/openjdk-23!/jdk.jsobject" type="simple" />
            <root url="jrt://C:/Program Files/Java/openjdk-23!/jdk.jstatd" type="simple" />
            <root url="jrt://C:/Program Files/Java/openjdk-23!/jdk.localedata" type="simple" />
            <root url="jrt://C:/Program Files/Java/openjdk-23!/jdk.management" type="simple" />
            <root url="jrt://C:/Program Files/Java/openjdk-23!/jdk.management.agent" type="simple" />
            <root url="jrt://C:/Program Files/Java/openjdk-23!/jdk.management.jfr" type="simple" />
            <root url="jrt://C:/Program Files/Java/openjdk-23!/jdk.naming.dns" type="simple" />
            <root url="jrt://C:/Program Files/Java/openjdk-23!/jdk.naming.rmi" type="simple" />
            <root url="jrt://C:/Program Files/Java/openjdk-23!/jdk.net" type="simple" />
            <root url="jrt://C:/Program Files/Java/openjdk-23!/jdk.nio.mapmode" type="simple" />
            <root url="jrt://C:/Program Files/Java/openjdk-23!/jdk.sctp" type="simple" />
            <root url="jrt://C:/Program Files/Java/openjdk-23!/jdk.security.auth" type="simple" />
            <root url="jrt://C:/Program Files/Java/openjdk-23!/jdk.security.jgss" type="simple" />
            <root url="jrt://C:/Program Files/Java/openjdk-23!/jdk.unsupported" type="simple" />
            <root url="jrt://C:/Program Files/Java/openjdk-23!/jdk.unsupported.desktop" type="simple" />
            <root url="jrt://C:/Program Files/Java/openjdk-23!/jdk.xml.dom" type="simple" />
            <root url="jrt://C:/Program Files/Java/openjdk-23!/jdk.zipfs" type="simple" />
          </root>
        </classPath>
        <javadocPath>
          <root type="composite" />
        </javadocPath>
        <sourcePath>
          <root type="composite">
            <root url="jar://C:/Program Files/Java/openjdk-23/lib/src.zip!/java.se" type="simple" />
            <root url="jar://C:/Program Files/Java/openjdk-23/lib/src.zip!/jdk.jdi" type="simple" />
            <root url="jar://C:/Program Files/Java/openjdk-23/lib/src.zip!/jdk.jfr" type="simple" />
            <root url="jar://C:/Program Files/Java/openjdk-23/lib/src.zip!/jdk.net" type="simple" />
            <root url="jar://C:/Program Files/Java/openjdk-23/lib/src.zip!/java.rmi" type="simple" />
            <root url="jar://C:/Program Files/Java/openjdk-23/lib/src.zip!/java.sql" type="simple" />
            <root url="jar://C:/Program Files/Java/openjdk-23/lib/src.zip!/java.xml" type="simple" />
            <root url="jar://C:/Program Files/Java/openjdk-23/lib/src.zip!/jdk.jcmd" type="simple" />
            <root url="jar://C:/Program Files/Java/openjdk-23/lib/src.zip!/jdk.sctp" type="simple" />
            <root url="jar://C:/Program Files/Java/openjdk-23/lib/src.zip!/java.base" type="simple" />
            <root url="jar://C:/Program Files/Java/openjdk-23/lib/src.zip!/jdk.jdeps" type="simple" />
            <root url="jar://C:/Program Files/Java/openjdk-23/lib/src.zip!/jdk.jlink" type="simple" />
            <root url="jar://C:/Program Files/Java/openjdk-23/lib/src.zip!/jdk.zipfs" type="simple" />
            <root url="jar://C:/Program Files/Java/openjdk-23/lib/src.zip!/java.prefs" type="simple" />
            <root url="jar://C:/Program Files/Java/openjdk-23/lib/src.zip!/jdk.attach" type="simple" />
            <root url="jar://C:/Program Files/Java/openjdk-23/lib/src.zip!/jdk.jshell" type="simple" />
            <root url="jar://C:/Program Files/Java/openjdk-23/lib/src.zip!/jdk.jstatd" type="simple" />
            <root url="jar://C:/Program Files/Java/openjdk-23/lib/src.zip!/java.naming" type="simple" />
            <root url="jar://C:/Program Files/Java/openjdk-23/lib/src.zip!/jdk.editpad" type="simple" />
            <root url="jar://C:/Program Files/Java/openjdk-23/lib/src.zip!/jdk.jartool" type="simple" />
            <root url="jar://C:/Program Files/Java/openjdk-23/lib/src.zip!/jdk.javadoc" type="simple" />
            <root url="jar://C:/Program Files/Java/openjdk-23/lib/src.zip!/jdk.xml.dom" type="simple" />
            <root url="jar://C:/Program Files/Java/openjdk-23/lib/src.zip!/java.desktop" type="simple" />
            <root url="jar://C:/Program Files/Java/openjdk-23/lib/src.zip!/java.logging" type="simple" />
            <root url="jar://C:/Program Files/Java/openjdk-23/lib/src.zip!/jdk.charsets" type="simple" />
            <root url="jar://C:/Program Files/Java/openjdk-23/lib/src.zip!/jdk.compiler" type="simple" />
            <root url="jar://C:/Program Files/Java/openjdk-23/lib/src.zip!/jdk.dynalink" type="simple" />
            <root url="jar://C:/Program Files/Java/openjdk-23/lib/src.zip!/jdk.jconsole" type="simple" />
            <root url="jar://C:/Program Files/Java/openjdk-23/lib/src.zip!/jdk.jpackage" type="simple" />
            <root url="jar://C:/Program Files/Java/openjdk-23/lib/src.zip!/jdk.jsobject" type="simple" />
            <root url="jar://C:/Program Files/Java/openjdk-23/lib/src.zip!/java.compiler" type="simple" />
            <root url="jar://C:/Program Files/Java/openjdk-23/lib/src.zip!/java.net.http" type="simple" />
            <root url="jar://C:/Program Files/Java/openjdk-23/lib/src.zip!/jdk.crypto.ec" type="simple" />
            <root url="jar://C:/Program Files/Java/openjdk-23/lib/src.zip!/java.scripting" type="simple" />
            <root url="jar://C:/Program Files/Java/openjdk-23/lib/src.zip!/jdk.httpserver" type="simple" />
            <root url="jar://C:/Program Files/Java/openjdk-23/lib/src.zip!/jdk.jdwp.agent" type="simple" />
            <root url="jar://C:/Program Files/Java/openjdk-23/lib/src.zip!/jdk.localedata" type="simple" />
            <root url="jar://C:/Program Files/Java/openjdk-23/lib/src.zip!/jdk.management" type="simple" />
            <root url="jar://C:/Program Files/Java/openjdk-23/lib/src.zip!/jdk.naming.dns" type="simple" />
            <root url="jar://C:/Program Files/Java/openjdk-23/lib/src.zip!/jdk.naming.rmi" type="simple" />
            <root url="jar://C:/Program Files/Java/openjdk-23/lib/src.zip!/java.instrument" type="simple" />
            <root url="jar://C:/Program Files/Java/openjdk-23/lib/src.zip!/java.management" type="simple" />
            <root url="jar://C:/Program Files/Java/openjdk-23/lib/src.zip!/java.sql.rowset" type="simple" />
            <root url="jar://C:/Program Files/Java/openjdk-23/lib/src.zip!/java.xml.crypto" type="simple" />
            <root url="jar://C:/Program Files/Java/openjdk-23/lib/src.zip!/jdk.internal.ed" type="simple" />
            <root url="jar://C:/Program Files/Java/openjdk-23/lib/src.zip!/jdk.internal.le" type="simple" />
            <root url="jar://C:/Program Files/Java/openjdk-23/lib/src.zip!/jdk.internal.md" type="simple" />
            <root url="jar://C:/Program Files/Java/openjdk-23/lib/src.zip!/jdk.nio.mapmode" type="simple" />
            <root url="jar://C:/Program Files/Java/openjdk-23/lib/src.zip!/jdk.unsupported" type="simple" />
            <root url="jar://C:/Program Files/Java/openjdk-23/lib/src.zip!/java.smartcardio" type="simple" />
            <root url="jar://C:/Program Files/Java/openjdk-23/lib/src.zip!/jdk.internal.opt" type="simple" />
            <root url="jar://C:/Program Files/Java/openjdk-23/lib/src.zip!/java.datatransfer" type="simple" />
            <root url="jar://C:/Program Files/Java/openjdk-23/lib/src.zip!/jdk.accessibility" type="simple" />
            <root url="jar://C:/Program Files/Java/openjdk-23/lib/src.zip!/jdk.crypto.mscapi" type="simple" />
            <root url="jar://C:/Program Files/Java/openjdk-23/lib/src.zip!/jdk.hotspot.agent" type="simple" />
            <root url="jar://C:/Program Files/Java/openjdk-23/lib/src.zip!/jdk.security.auth" type="simple" />
            <root url="jar://C:/Program Files/Java/openjdk-23/lib/src.zip!/jdk.security.jgss" type="simple" />
            <root url="jar://C:/Program Files/Java/openjdk-23/lib/src.zip!/java.security.jgss" type="simple" />
            <root url="jar://C:/Program Files/Java/openjdk-23/lib/src.zip!/java.security.sasl" type="simple" />
            <root url="jar://C:/Program Files/Java/openjdk-23/lib/src.zip!/jdk.graal.compiler" type="simple" />
            <root url="jar://C:/Program Files/Java/openjdk-23/lib/src.zip!/jdk.internal.vm.ci" type="simple" />
            <root url="jar://C:/Program Files/Java/openjdk-23/lib/src.zip!/jdk.management.jfr" type="simple" />
            <root url="jar://C:/Program Files/Java/openjdk-23/lib/src.zip!/java.management.rmi" type="simple" />
            <root url="jar://C:/Program Files/Java/openjdk-23/lib/src.zip!/java.transaction.xa" type="simple" />
            <root url="jar://C:/Program Files/Java/openjdk-23/lib/src.zip!/jdk.crypto.cryptoki" type="simple" />
            <root url="jar://C:/Program Files/Java/openjdk-23/lib/src.zip!/jdk.incubator.vector" type="simple" />
            <root url="jar://C:/Program Files/Java/openjdk-23/lib/src.zip!/jdk.internal.jvmstat" type="simple" />
            <root url="jar://C:/Program Files/Java/openjdk-23/lib/src.zip!/jdk.management.agent" type="simple" />
            <root url="jar://C:/Program Files/Java/openjdk-23/lib/src.zip!/jdk.unsupported.desktop" type="simple" />
            <root url="jar://C:/Program Files/Java/openjdk-23/lib/src.zip!/jdk.graal.compiler.management" type="simple" />
          </root>
        </sourcePath>
      </roots>
    </jdk>
    <jdk version="2">
      <name value="Kotlin SDK" />
      <type value="KotlinSDK" />
      <homePath value="/" />
      <roots>
        <annotationsPath>
          <root type="composite" />
        </annotationsPath>
        <classPath>
          <root type="composite" />
        </classPath>
        <javadocPath>
          <root type="composite" />
        </javadocPath>
        <sourcePath>
          <root type="composite" />
        </sourcePath>
      </roots>
    </jdk>
    <jdk version="2">
      <name value="21" />
      <type value="JavaSDK" />
      <version value="Amazon Corretto 21.0.4" />
      <homePath value="C:/Program Files/Java/corretto-21.0.4" />
      <roots>
        <annotationsPath>
          <root type="composite">
            <root url="jar://$APPLICATION_HOME_DIR$/plugins/java/lib/resources/jdkAnnotations.jar!/" type="simple" />
          </root>
        </annotationsPath>
        <classPath>
          <root type="composite">
            <root url="jrt://C:/Program Files/Java/corretto-21.0.4!/java.base" type="simple" />
            <root url="jrt://C:/Program Files/Java/corretto-21.0.4!/java.compiler" type="simple" />
            <root url="jrt://C:/Program Files/Java/corretto-21.0.4!/java.datatransfer" type="simple" />
            <root url="jrt://C:/Program Files/Java/corretto-21.0.4!/java.desktop" type="simple" />
            <root url="jrt://C:/Program Files/Java/corretto-21.0.4!/java.instrument" type="simple" />
            <root url="jrt://C:/Program Files/Java/corretto-21.0.4!/java.logging" type="simple" />
            <root url="jrt://C:/Program Files/Java/corretto-21.0.4!/java.management" type="simple" />
            <root url="jrt://C:/Program Files/Java/corretto-21.0.4!/java.management.rmi" type="simple" />
            <root url="jrt://C:/Program Files/Java/corretto-21.0.4!/java.naming" type="simple" />
            <root url="jrt://C:/Program Files/Java/corretto-21.0.4!/java.net.http" type="simple" />
            <root url="jrt://C:/Program Files/Java/corretto-21.0.4!/java.prefs" type="simple" />
            <root url="jrt://C:/Program Files/Java/corretto-21.0.4!/java.rmi" type="simple" />
            <root url="jrt://C:/Program Files/Java/corretto-21.0.4!/java.scripting" type="simple" />
            <root url="jrt://C:/Program Files/Java/corretto-21.0.4!/java.se" type="simple" />
            <root url="jrt://C:/Program Files/Java/corretto-21.0.4!/java.security.jgss" type="simple" />
            <root url="jrt://C:/Program Files/Java/corretto-21.0.4!/java.security.sasl" type="simple" />
            <root url="jrt://C:/Program Files/Java/corretto-21.0.4!/java.smartcardio" type="simple" />
            <root url="jrt://C:/Program Files/Java/corretto-21.0.4!/java.sql" type="simple" />
            <root url="jrt://C:/Program Files/Java/corretto-21.0.4!/java.sql.rowset" type="simple" />
            <root url="jrt://C:/Program Files/Java/corretto-21.0.4!/java.transaction.xa" type="simple" />
            <root url="jrt://C:/Program Files/Java/corretto-21.0.4!/java.xml" type="simple" />
            <root url="jrt://C:/Program Files/Java/corretto-21.0.4!/java.xml.crypto" type="simple" />
            <root url="jrt://C:/Program Files/Java/corretto-21.0.4!/jdk.accessibility" type="simple" />
            <root url="jrt://C:/Program Files/Java/corretto-21.0.4!/jdk.attach" type="simple" />
            <root url="jrt://C:/Program Files/Java/corretto-21.0.4!/jdk.charsets" type="simple" />
            <root url="jrt://C:/Program Files/Java/corretto-21.0.4!/jdk.compiler" type="simple" />
            <root url="jrt://C:/Program Files/Java/corretto-21.0.4!/jdk.crypto.cryptoki" type="simple" />
            <root url="jrt://C:/Program Files/Java/corretto-21.0.4!/jdk.crypto.ec" type="simple" />
            <root url="jrt://C:/Program Files/Java/corretto-21.0.4!/jdk.crypto.mscapi" type="simple" />
            <root url="jrt://C:/Program Files/Java/corretto-21.0.4!/jdk.dynalink" type="simple" />
            <root url="jrt://C:/Program Files/Java/corretto-21.0.4!/jdk.editpad" type="simple" />
            <root url="jrt://C:/Program Files/Java/corretto-21.0.4!/jdk.hotspot.agent" type="simple" />
            <root url="jrt://C:/Program Files/Java/corretto-21.0.4!/jdk.httpserver" type="simple" />
            <root url="jrt://C:/Program Files/Java/corretto-21.0.4!/jdk.incubator.vector" type="simple" />
            <root url="jrt://C:/Program Files/Java/corretto-21.0.4!/jdk.internal.ed" type="simple" />
            <root url="jrt://C:/Program Files/Java/corretto-21.0.4!/jdk.internal.jvmstat" type="simple" />
            <root url="jrt://C:/Program Files/Java/corretto-21.0.4!/jdk.internal.le" type="simple" />
            <root url="jrt://C:/Program Files/Java/corretto-21.0.4!/jdk.internal.opt" type="simple" />
            <root url="jrt://C:/Program Files/Java/corretto-21.0.4!/jdk.internal.vm.ci" type="simple" />
            <root url="jrt://C:/Program Files/Java/corretto-21.0.4!/jdk.internal.vm.compiler" type="simple" />
            <root url="jrt://C:/Program Files/Java/corretto-21.0.4!/jdk.internal.vm.compiler.management" type="simple" />
            <root url="jrt://C:/Program Files/Java/corretto-21.0.4!/jdk.jartool" type="simple" />
            <root url="jrt://C:/Program Files/Java/corretto-21.0.4!/jdk.javadoc" type="simple" />
            <root url="jrt://C:/Program Files/Java/corretto-21.0.4!/jdk.jcmd" type="simple" />
            <root url="jrt://C:/Program Files/Java/corretto-21.0.4!/jdk.jconsole" type="simple" />
            <root url="jrt://C:/Program Files/Java/corretto-21.0.4!/jdk.jdeps" type="simple" />
            <root url="jrt://C:/Program Files/Java/corretto-21.0.4!/jdk.jdi" type="simple" />
            <root url="jrt://C:/Program Files/Java/corretto-21.0.4!/jdk.jdwp.agent" type="simple" />
            <root url="jrt://C:/Program Files/Java/corretto-21.0.4!/jdk.jfr" type="simple" />
            <root url="jrt://C:/Program Files/Java/corretto-21.0.4!/jdk.jlink" type="simple" />
            <root url="jrt://C:/Program Files/Java/corretto-21.0.4!/jdk.jpackage" type="simple" />
            <root url="jrt://C:/Program Files/Java/corretto-21.0.4!/jdk.jshell" type="simple" />
            <root url="jrt://C:/Program Files/Java/corretto-21.0.4!/jdk.jsobject" type="simple" />
            <root url="jrt://C:/Program Files/Java/corretto-21.0.4!/jdk.jstatd" type="simple" />
            <root url="jrt://C:/Program Files/Java/corretto-21.0.4!/jdk.localedata" type="simple" />
            <root url="jrt://C:/Program Files/Java/corretto-21.0.4!/jdk.management" type="simple" />
            <root url="jrt://C:/Program Files/Java/corretto-21.0.4!/jdk.management.agent" type="simple" />
            <root url="jrt://C:/Program Files/Java/corretto-21.0.4!/jdk.management.jfr" type="simple" />
            <root url="jrt://C:/Program Files/Java/corretto-21.0.4!/jdk.naming.dns" type="simple" />
            <root url="jrt://C:/Program Files/Java/corretto-21.0.4!/jdk.naming.rmi" type="simple" />
            <root url="jrt://C:/Program Files/Java/corretto-21.0.4!/jdk.net" type="simple" />
            <root url="jrt://C:/Program Files/Java/corretto-21.0.4!/jdk.nio.mapmode" type="simple" />
            <root url="jrt://C:/Program Files/Java/corretto-21.0.4!/jdk.random" type="simple" />
            <root url="jrt://C:/Program Files/Java/corretto-21.0.4!/jdk.sctp" type="simple" />
            <root url="jrt://C:/Program Files/Java/corretto-21.0.4!/jdk.security.auth" type="simple" />
            <root url="jrt://C:/Program Files/Java/corretto-21.0.4!/jdk.security.jgss" type="simple" />
            <root url="jrt://C:/Program Files/Java/corretto-21.0.4!/jdk.unsupported" type="simple" />
            <root url="jrt://C:/Program Files/Java/corretto-21.0.4!/jdk.unsupported.desktop" type="simple" />
            <root url="jrt://C:/Program Files/Java/corretto-21.0.4!/jdk.xml.dom" type="simple" />
            <root url="jrt://C:/Program Files/Java/corretto-21.0.4!/jdk.zipfs" type="simple" />
          </root>
        </classPath>
        <javadocPath>
          <root type="composite" />
        </javadocPath>
        <sourcePath>
          <root type="composite">
            <root url="jar://C:/Program Files/Java/corretto-21.0.4/lib/src.zip!/java.se" type="simple" />
            <root url="jar://C:/Program Files/Java/corretto-21.0.4/lib/src.zip!/jdk.jdi" type="simple" />
            <root url="jar://C:/Program Files/Java/corretto-21.0.4/lib/src.zip!/jdk.jfr" type="simple" />
            <root url="jar://C:/Program Files/Java/corretto-21.0.4/lib/src.zip!/jdk.net" type="simple" />
            <root url="jar://C:/Program Files/Java/corretto-21.0.4/lib/src.zip!/java.rmi" type="simple" />
            <root url="jar://C:/Program Files/Java/corretto-21.0.4/lib/src.zip!/java.sql" type="simple" />
            <root url="jar://C:/Program Files/Java/corretto-21.0.4/lib/src.zip!/java.xml" type="simple" />
            <root url="jar://C:/Program Files/Java/corretto-21.0.4/lib/src.zip!/jdk.jcmd" type="simple" />
            <root url="jar://C:/Program Files/Java/corretto-21.0.4/lib/src.zip!/jdk.sctp" type="simple" />
            <root url="jar://C:/Program Files/Java/corretto-21.0.4/lib/src.zip!/java.base" type="simple" />
            <root url="jar://C:/Program Files/Java/corretto-21.0.4/lib/src.zip!/jdk.jdeps" type="simple" />
            <root url="jar://C:/Program Files/Java/corretto-21.0.4/lib/src.zip!/jdk.jlink" type="simple" />
            <root url="jar://C:/Program Files/Java/corretto-21.0.4/lib/src.zip!/jdk.zipfs" type="simple" />
            <root url="jar://C:/Program Files/Java/corretto-21.0.4/lib/src.zip!/java.prefs" type="simple" />
            <root url="jar://C:/Program Files/Java/corretto-21.0.4/lib/src.zip!/jdk.attach" type="simple" />
            <root url="jar://C:/Program Files/Java/corretto-21.0.4/lib/src.zip!/jdk.jshell" type="simple" />
            <root url="jar://C:/Program Files/Java/corretto-21.0.4/lib/src.zip!/jdk.jstatd" type="simple" />
            <root url="jar://C:/Program Files/Java/corretto-21.0.4/lib/src.zip!/jdk.random" type="simple" />
            <root url="jar://C:/Program Files/Java/corretto-21.0.4/lib/src.zip!/java.naming" type="simple" />
            <root url="jar://C:/Program Files/Java/corretto-21.0.4/lib/src.zip!/jdk.editpad" type="simple" />
            <root url="jar://C:/Program Files/Java/corretto-21.0.4/lib/src.zip!/jdk.jartool" type="simple" />
            <root url="jar://C:/Program Files/Java/corretto-21.0.4/lib/src.zip!/jdk.javadoc" type="simple" />
            <root url="jar://C:/Program Files/Java/corretto-21.0.4/lib/src.zip!/jdk.xml.dom" type="simple" />
            <root url="jar://C:/Program Files/Java/corretto-21.0.4/lib/src.zip!/java.desktop" type="simple" />
            <root url="jar://C:/Program Files/Java/corretto-21.0.4/lib/src.zip!/java.logging" type="simple" />
            <root url="jar://C:/Program Files/Java/corretto-21.0.4/lib/src.zip!/jdk.charsets" type="simple" />
            <root url="jar://C:/Program Files/Java/corretto-21.0.4/lib/src.zip!/jdk.compiler" type="simple" />
            <root url="jar://C:/Program Files/Java/corretto-21.0.4/lib/src.zip!/jdk.dynalink" type="simple" />
            <root url="jar://C:/Program Files/Java/corretto-21.0.4/lib/src.zip!/jdk.jconsole" type="simple" />
            <root url="jar://C:/Program Files/Java/corretto-21.0.4/lib/src.zip!/jdk.jpackage" type="simple" />
            <root url="jar://C:/Program Files/Java/corretto-21.0.4/lib/src.zip!/jdk.jsobject" type="simple" />
            <root url="jar://C:/Program Files/Java/corretto-21.0.4/lib/src.zip!/java.compiler" type="simple" />
            <root url="jar://C:/Program Files/Java/corretto-21.0.4/lib/src.zip!/java.net.http" type="simple" />
            <root url="jar://C:/Program Files/Java/corretto-21.0.4/lib/src.zip!/jdk.crypto.ec" type="simple" />
            <root url="jar://C:/Program Files/Java/corretto-21.0.4/lib/src.zip!/java.scripting" type="simple" />
            <root url="jar://C:/Program Files/Java/corretto-21.0.4/lib/src.zip!/jdk.httpserver" type="simple" />
            <root url="jar://C:/Program Files/Java/corretto-21.0.4/lib/src.zip!/jdk.jdwp.agent" type="simple" />
            <root url="jar://C:/Program Files/Java/corretto-21.0.4/lib/src.zip!/jdk.localedata" type="simple" />
            <root url="jar://C:/Program Files/Java/corretto-21.0.4/lib/src.zip!/jdk.management" type="simple" />
            <root url="jar://C:/Program Files/Java/corretto-21.0.4/lib/src.zip!/jdk.naming.dns" type="simple" />
            <root url="jar://C:/Program Files/Java/corretto-21.0.4/lib/src.zip!/jdk.naming.rmi" type="simple" />
            <root url="jar://C:/Program Files/Java/corretto-21.0.4/lib/src.zip!/java.instrument" type="simple" />
            <root url="jar://C:/Program Files/Java/corretto-21.0.4/lib/src.zip!/java.management" type="simple" />
            <root url="jar://C:/Program Files/Java/corretto-21.0.4/lib/src.zip!/java.sql.rowset" type="simple" />
            <root url="jar://C:/Program Files/Java/corretto-21.0.4/lib/src.zip!/java.xml.crypto" type="simple" />
            <root url="jar://C:/Program Files/Java/corretto-21.0.4/lib/src.zip!/jdk.internal.ed" type="simple" />
            <root url="jar://C:/Program Files/Java/corretto-21.0.4/lib/src.zip!/jdk.internal.le" type="simple" />
            <root url="jar://C:/Program Files/Java/corretto-21.0.4/lib/src.zip!/jdk.nio.mapmode" type="simple" />
            <root url="jar://C:/Program Files/Java/corretto-21.0.4/lib/src.zip!/jdk.unsupported" type="simple" />
            <root url="jar://C:/Program Files/Java/corretto-21.0.4/lib/src.zip!/java.smartcardio" type="simple" />
            <root url="jar://C:/Program Files/Java/corretto-21.0.4/lib/src.zip!/jdk.internal.opt" type="simple" />
            <root url="jar://C:/Program Files/Java/corretto-21.0.4/lib/src.zip!/java.datatransfer" type="simple" />
            <root url="jar://C:/Program Files/Java/corretto-21.0.4/lib/src.zip!/jdk.accessibility" type="simple" />
            <root url="jar://C:/Program Files/Java/corretto-21.0.4/lib/src.zip!/jdk.crypto.mscapi" type="simple" />
            <root url="jar://C:/Program Files/Java/corretto-21.0.4/lib/src.zip!/jdk.hotspot.agent" type="simple" />
            <root url="jar://C:/Program Files/Java/corretto-21.0.4/lib/src.zip!/jdk.security.auth" type="simple" />
            <root url="jar://C:/Program Files/Java/corretto-21.0.4/lib/src.zip!/jdk.security.jgss" type="simple" />
            <root url="jar://C:/Program Files/Java/corretto-21.0.4/lib/src.zip!/java.security.jgss" type="simple" />
            <root url="jar://C:/Program Files/Java/corretto-21.0.4/lib/src.zip!/java.security.sasl" type="simple" />
            <root url="jar://C:/Program Files/Java/corretto-21.0.4/lib/src.zip!/jdk.internal.vm.ci" type="simple" />
            <root url="jar://C:/Program Files/Java/corretto-21.0.4/lib/src.zip!/jdk.management.jfr" type="simple" />
            <root url="jar://C:/Program Files/Java/corretto-21.0.4/lib/src.zip!/java.management.rmi" type="simple" />
            <root url="jar://C:/Program Files/Java/corretto-21.0.4/lib/src.zip!/java.transaction.xa" type="simple" />
            <root url="jar://C:/Program Files/Java/corretto-21.0.4/lib/src.zip!/jdk.crypto.cryptoki" type="simple" />
            <root url="jar://C:/Program Files/Java/corretto-21.0.4/lib/src.zip!/jdk.incubator.vector" type="simple" />
            <root url="jar://C:/Program Files/Java/corretto-21.0.4/lib/src.zip!/jdk.internal.jvmstat" type="simple" />
            <root url="jar://C:/Program Files/Java/corretto-21.0.4/lib/src.zip!/jdk.management.agent" type="simple" />
            <root url="jar://C:/Program Files/Java/corretto-21.0.4/lib/src.zip!/jdk.unsupported.desktop" type="simple" />
            <root url="jar://C:/Program Files/Java/corretto-21.0.4/lib/src.zip!/jdk.internal.vm.compiler" type="simple" />
            <root url="jar://C:/Program Files/Java/corretto-21.0.4/lib/src.zip!/jdk.internal.vm.compiler.management" type="simple" />
          </root>
        </sourcePath>
      </roots>
    </jdk>
    <jdk version="2">
      <name value="MiKTeX Windows SDK" />
      <type value="MiKTeX Windows SDK" />
      <version value="MiKTeX " />
      <homePath value="$USER_HOME$/AppData/Local/Programs/MiKTeX" />
      <roots>
        <annotationsPath>
          <root type="composite" />
        </annotationsPath>
        <classPath>
          <root type="composite" />
        </classPath>
        <javadocPath>
          <root type="composite" />
        </javadocPath>
        <sourcePath>
          <root type="composite" />
        </sourcePath>
      </roots>
    </jdk>
    <jdk version="2">
      <name value="corretto-19" />
      <type value="JavaSDK" />
      <version value="Amazon Corretto 19.0.2" />
      <homePath value="$USER_HOME$/.jdks/corretto-19.0.2" />
      <roots>
        <annotationsPath>
          <root type="composite">
            <root url="jar://$APPLICATION_HOME_DIR$/plugins/java/lib/resources/jdkAnnotations.jar!/" type="simple" />
          </root>
        </annotationsPath>
        <classPath>
          <root type="composite">
            <root url="jrt://$USER_HOME$/.jdks/corretto-19.0.2!/java.base" type="simple" />
            <root url="jrt://$USER_HOME$/.jdks/corretto-19.0.2!/java.compiler" type="simple" />
            <root url="jrt://$USER_HOME$/.jdks/corretto-19.0.2!/java.datatransfer" type="simple" />
            <root url="jrt://$USER_HOME$/.jdks/corretto-19.0.2!/java.desktop" type="simple" />
            <root url="jrt://$USER_HOME$/.jdks/corretto-19.0.2!/java.instrument" type="simple" />
            <root url="jrt://$USER_HOME$/.jdks/corretto-19.0.2!/java.logging" type="simple" />
            <root url="jrt://$USER_HOME$/.jdks/corretto-19.0.2!/java.management" type="simple" />
            <root url="jrt://$USER_HOME$/.jdks/corretto-19.0.2!/java.management.rmi" type="simple" />
            <root url="jrt://$USER_HOME$/.jdks/corretto-19.0.2!/java.naming" type="simple" />
            <root url="jrt://$USER_HOME$/.jdks/corretto-19.0.2!/java.net.http" type="simple" />
            <root url="jrt://$USER_HOME$/.jdks/corretto-19.0.2!/java.prefs" type="simple" />
            <root url="jrt://$USER_HOME$/.jdks/corretto-19.0.2!/java.rmi" type="simple" />
            <root url="jrt://$USER_HOME$/.jdks/corretto-19.0.2!/java.scripting" type="simple" />
            <root url="jrt://$USER_HOME$/.jdks/corretto-19.0.2!/java.se" type="simple" />
            <root url="jrt://$USER_HOME$/.jdks/corretto-19.0.2!/java.security.jgss" type="simple" />
            <root url="jrt://$USER_HOME$/.jdks/corretto-19.0.2!/java.security.sasl" type="simple" />
            <root url="jrt://$USER_HOME$/.jdks/corretto-19.0.2!/java.smartcardio" type="simple" />
            <root url="jrt://$USER_HOME$/.jdks/corretto-19.0.2!/java.sql" type="simple" />
            <root url="jrt://$USER_HOME$/.jdks/corretto-19.0.2!/java.sql.rowset" type="simple" />
            <root url="jrt://$USER_HOME$/.jdks/corretto-19.0.2!/java.transaction.xa" type="simple" />
            <root url="jrt://$USER_HOME$/.jdks/corretto-19.0.2!/java.xml" type="simple" />
            <root url="jrt://$USER_HOME$/.jdks/corretto-19.0.2!/java.xml.crypto" type="simple" />
            <root url="jrt://$USER_HOME$/.jdks/corretto-19.0.2!/jdk.accessibility" type="simple" />
            <root url="jrt://$USER_HOME$/.jdks/corretto-19.0.2!/jdk.attach" type="simple" />
            <root url="jrt://$USER_HOME$/.jdks/corretto-19.0.2!/jdk.charsets" type="simple" />
            <root url="jrt://$USER_HOME$/.jdks/corretto-19.0.2!/jdk.compiler" type="simple" />
            <root url="jrt://$USER_HOME$/.jdks/corretto-19.0.2!/jdk.crypto.cryptoki" type="simple" />
            <root url="jrt://$USER_HOME$/.jdks/corretto-19.0.2!/jdk.crypto.ec" type="simple" />
            <root url="jrt://$USER_HOME$/.jdks/corretto-19.0.2!/jdk.crypto.mscapi" type="simple" />
            <root url="jrt://$USER_HOME$/.jdks/corretto-19.0.2!/jdk.dynalink" type="simple" />
            <root url="jrt://$USER_HOME$/.jdks/corretto-19.0.2!/jdk.editpad" type="simple" />
            <root url="jrt://$USER_HOME$/.jdks/corretto-19.0.2!/jdk.hotspot.agent" type="simple" />
            <root url="jrt://$USER_HOME$/.jdks/corretto-19.0.2!/jdk.httpserver" type="simple" />
            <root url="jrt://$USER_HOME$/.jdks/corretto-19.0.2!/jdk.incubator.concurrent" type="simple" />
            <root url="jrt://$USER_HOME$/.jdks/corretto-19.0.2!/jdk.incubator.vector" type="simple" />
            <root url="jrt://$USER_HOME$/.jdks/corretto-19.0.2!/jdk.internal.ed" type="simple" />
            <root url="jrt://$USER_HOME$/.jdks/corretto-19.0.2!/jdk.internal.jvmstat" type="simple" />
            <root url="jrt://$USER_HOME$/.jdks/corretto-19.0.2!/jdk.internal.le" type="simple" />
            <root url="jrt://$USER_HOME$/.jdks/corretto-19.0.2!/jdk.internal.opt" type="simple" />
            <root url="jrt://$USER_HOME$/.jdks/corretto-19.0.2!/jdk.internal.vm.ci" type="simple" />
            <root url="jrt://$USER_HOME$/.jdks/corretto-19.0.2!/jdk.internal.vm.compiler" type="simple" />
            <root url="jrt://$USER_HOME$/.jdks/corretto-19.0.2!/jdk.internal.vm.compiler.management" type="simple" />
            <root url="jrt://$USER_HOME$/.jdks/corretto-19.0.2!/jdk.jartool" type="simple" />
            <root url="jrt://$USER_HOME$/.jdks/corretto-19.0.2!/jdk.javadoc" type="simple" />
            <root url="jrt://$USER_HOME$/.jdks/corretto-19.0.2!/jdk.jcmd" type="simple" />
            <root url="jrt://$USER_HOME$/.jdks/corretto-19.0.2!/jdk.jconsole" type="simple" />
            <root url="jrt://$USER_HOME$/.jdks/corretto-19.0.2!/jdk.jdeps" type="simple" />
            <root url="jrt://$USER_HOME$/.jdks/corretto-19.0.2!/jdk.jdi" type="simple" />
            <root url="jrt://$USER_HOME$/.jdks/corretto-19.0.2!/jdk.jdwp.agent" type="simple" />
            <root url="jrt://$USER_HOME$/.jdks/corretto-19.0.2!/jdk.jfr" type="simple" />
            <root url="jrt://$USER_HOME$/.jdks/corretto-19.0.2!/jdk.jlink" type="simple" />
            <root url="jrt://$USER_HOME$/.jdks/corretto-19.0.2!/jdk.jpackage" type="simple" />
            <root url="jrt://$USER_HOME$/.jdks/corretto-19.0.2!/jdk.jshell" type="simple" />
            <root url="jrt://$USER_HOME$/.jdks/corretto-19.0.2!/jdk.jsobject" type="simple" />
            <root url="jrt://$USER_HOME$/.jdks/corretto-19.0.2!/jdk.jstatd" type="simple" />
            <root url="jrt://$USER_HOME$/.jdks/corretto-19.0.2!/jdk.localedata" type="simple" />
            <root url="jrt://$USER_HOME$/.jdks/corretto-19.0.2!/jdk.management" type="simple" />
            <root url="jrt://$USER_HOME$/.jdks/corretto-19.0.2!/jdk.management.agent" type="simple" />
            <root url="jrt://$USER_HOME$/.jdks/corretto-19.0.2!/jdk.management.jfr" type="simple" />
            <root url="jrt://$USER_HOME$/.jdks/corretto-19.0.2!/jdk.naming.dns" type="simple" />
            <root url="jrt://$USER_HOME$/.jdks/corretto-19.0.2!/jdk.naming.rmi" type="simple" />
            <root url="jrt://$USER_HOME$/.jdks/corretto-19.0.2!/jdk.net" type="simple" />
            <root url="jrt://$USER_HOME$/.jdks/corretto-19.0.2!/jdk.nio.mapmode" type="simple" />
            <root url="jrt://$USER_HOME$/.jdks/corretto-19.0.2!/jdk.random" type="simple" />
            <root url="jrt://$USER_HOME$/.jdks/corretto-19.0.2!/jdk.sctp" type="simple" />
            <root url="jrt://$USER_HOME$/.jdks/corretto-19.0.2!/jdk.security.auth" type="simple" />
            <root url="jrt://$USER_HOME$/.jdks/corretto-19.0.2!/jdk.security.jgss" type="simple" />
            <root url="jrt://$USER_HOME$/.jdks/corretto-19.0.2!/jdk.unsupported" type="simple" />
            <root url="jrt://$USER_HOME$/.jdks/corretto-19.0.2!/jdk.unsupported.desktop" type="simple" />
            <root url="jrt://$USER_HOME$/.jdks/corretto-19.0.2!/jdk.xml.dom" type="simple" />
            <root url="jrt://$USER_HOME$/.jdks/corretto-19.0.2!/jdk.zipfs" type="simple" />
          </root>
        </classPath>
        <javadocPath>
          <root type="composite" />
        </javadocPath>
        <sourcePath>
          <root type="composite">
            <root url="jar://$USER_HOME$/.jdks/corretto-19.0.2/lib/src.zip!/java.se" type="simple" />
            <root url="jar://$USER_HOME$/.jdks/corretto-19.0.2/lib/src.zip!/jdk.jdi" type="simple" />
            <root url="jar://$USER_HOME$/.jdks/corretto-19.0.2/lib/src.zip!/jdk.jfr" type="simple" />
            <root url="jar://$USER_HOME$/.jdks/corretto-19.0.2/lib/src.zip!/jdk.net" type="simple" />
            <root url="jar://$USER_HOME$/.jdks/corretto-19.0.2/lib/src.zip!/java.rmi" type="simple" />
            <root url="jar://$USER_HOME$/.jdks/corretto-19.0.2/lib/src.zip!/java.sql" type="simple" />
            <root url="jar://$USER_HOME$/.jdks/corretto-19.0.2/lib/src.zip!/java.xml" type="simple" />
            <root url="jar://$USER_HOME$/.jdks/corretto-19.0.2/lib/src.zip!/jdk.jcmd" type="simple" />
            <root url="jar://$USER_HOME$/.jdks/corretto-19.0.2/lib/src.zip!/jdk.sctp" type="simple" />
            <root url="jar://$USER_HOME$/.jdks/corretto-19.0.2/lib/src.zip!/java.base" type="simple" />
            <root url="jar://$USER_HOME$/.jdks/corretto-19.0.2/lib/src.zip!/jdk.jdeps" type="simple" />
            <root url="jar://$USER_HOME$/.jdks/corretto-19.0.2/lib/src.zip!/jdk.jlink" type="simple" />
            <root url="jar://$USER_HOME$/.jdks/corretto-19.0.2/lib/src.zip!/jdk.zipfs" type="simple" />
            <root url="jar://$USER_HOME$/.jdks/corretto-19.0.2/lib/src.zip!/java.prefs" type="simple" />
            <root url="jar://$USER_HOME$/.jdks/corretto-19.0.2/lib/src.zip!/jdk.attach" type="simple" />
            <root url="jar://$USER_HOME$/.jdks/corretto-19.0.2/lib/src.zip!/jdk.jshell" type="simple" />
            <root url="jar://$USER_HOME$/.jdks/corretto-19.0.2/lib/src.zip!/jdk.jstatd" type="simple" />
            <root url="jar://$USER_HOME$/.jdks/corretto-19.0.2/lib/src.zip!/jdk.random" type="simple" />
            <root url="jar://$USER_HOME$/.jdks/corretto-19.0.2/lib/src.zip!/java.naming" type="simple" />
            <root url="jar://$USER_HOME$/.jdks/corretto-19.0.2/lib/src.zip!/jdk.editpad" type="simple" />
            <root url="jar://$USER_HOME$/.jdks/corretto-19.0.2/lib/src.zip!/jdk.jartool" type="simple" />
            <root url="jar://$USER_HOME$/.jdks/corretto-19.0.2/lib/src.zip!/jdk.javadoc" type="simple" />
            <root url="jar://$USER_HOME$/.jdks/corretto-19.0.2/lib/src.zip!/jdk.xml.dom" type="simple" />
            <root url="jar://$USER_HOME$/.jdks/corretto-19.0.2/lib/src.zip!/java.desktop" type="simple" />
            <root url="jar://$USER_HOME$/.jdks/corretto-19.0.2/lib/src.zip!/java.logging" type="simple" />
            <root url="jar://$USER_HOME$/.jdks/corretto-19.0.2/lib/src.zip!/jdk.charsets" type="simple" />
            <root url="jar://$USER_HOME$/.jdks/corretto-19.0.2/lib/src.zip!/jdk.compiler" type="simple" />
            <root url="jar://$USER_HOME$/.jdks/corretto-19.0.2/lib/src.zip!/jdk.dynalink" type="simple" />
            <root url="jar://$USER_HOME$/.jdks/corretto-19.0.2/lib/src.zip!/jdk.jconsole" type="simple" />
            <root url="jar://$USER_HOME$/.jdks/corretto-19.0.2/lib/src.zip!/jdk.jpackage" type="simple" />
            <root url="jar://$USER_HOME$/.jdks/corretto-19.0.2/lib/src.zip!/jdk.jsobject" type="simple" />
            <root url="jar://$USER_HOME$/.jdks/corretto-19.0.2/lib/src.zip!/java.compiler" type="simple" />
            <root url="jar://$USER_HOME$/.jdks/corretto-19.0.2/lib/src.zip!/java.net.http" type="simple" />
            <root url="jar://$USER_HOME$/.jdks/corretto-19.0.2/lib/src.zip!/jdk.crypto.ec" type="simple" />
            <root url="jar://$USER_HOME$/.jdks/corretto-19.0.2/lib/src.zip!/java.scripting" type="simple" />
            <root url="jar://$USER_HOME$/.jdks/corretto-19.0.2/lib/src.zip!/jdk.httpserver" type="simple" />
            <root url="jar://$USER_HOME$/.jdks/corretto-19.0.2/lib/src.zip!/jdk.jdwp.agent" type="simple" />
            <root url="jar://$USER_HOME$/.jdks/corretto-19.0.2/lib/src.zip!/jdk.localedata" type="simple" />
            <root url="jar://$USER_HOME$/.jdks/corretto-19.0.2/lib/src.zip!/jdk.management" type="simple" />
            <root url="jar://$USER_HOME$/.jdks/corretto-19.0.2/lib/src.zip!/jdk.naming.dns" type="simple" />
            <root url="jar://$USER_HOME$/.jdks/corretto-19.0.2/lib/src.zip!/jdk.naming.rmi" type="simple" />
            <root url="jar://$USER_HOME$/.jdks/corretto-19.0.2/lib/src.zip!/java.instrument" type="simple" />
            <root url="jar://$USER_HOME$/.jdks/corretto-19.0.2/lib/src.zip!/java.management" type="simple" />
            <root url="jar://$USER_HOME$/.jdks/corretto-19.0.2/lib/src.zip!/java.sql.rowset" type="simple" />
            <root url="jar://$USER_HOME$/.jdks/corretto-19.0.2/lib/src.zip!/java.xml.crypto" type="simple" />
            <root url="jar://$USER_HOME$/.jdks/corretto-19.0.2/lib/src.zip!/jdk.internal.ed" type="simple" />
            <root url="jar://$USER_HOME$/.jdks/corretto-19.0.2/lib/src.zip!/jdk.internal.le" type="simple" />
            <root url="jar://$USER_HOME$/.jdks/corretto-19.0.2/lib/src.zip!/jdk.nio.mapmode" type="simple" />
            <root url="jar://$USER_HOME$/.jdks/corretto-19.0.2/lib/src.zip!/jdk.unsupported" type="simple" />
            <root url="jar://$USER_HOME$/.jdks/corretto-19.0.2/lib/src.zip!/java.smartcardio" type="simple" />
            <root url="jar://$USER_HOME$/.jdks/corretto-19.0.2/lib/src.zip!/jdk.internal.opt" type="simple" />
            <root url="jar://$USER_HOME$/.jdks/corretto-19.0.2/lib/src.zip!/java.datatransfer" type="simple" />
            <root url="jar://$USER_HOME$/.jdks/corretto-19.0.2/lib/src.zip!/jdk.accessibility" type="simple" />
            <root url="jar://$USER_HOME$/.jdks/corretto-19.0.2/lib/src.zip!/jdk.crypto.mscapi" type="simple" />
            <root url="jar://$USER_HOME$/.jdks/corretto-19.0.2/lib/src.zip!/jdk.hotspot.agent" type="simple" />
            <root url="jar://$USER_HOME$/.jdks/corretto-19.0.2/lib/src.zip!/jdk.security.auth" type="simple" />
            <root url="jar://$USER_HOME$/.jdks/corretto-19.0.2/lib/src.zip!/jdk.security.jgss" type="simple" />
            <root url="jar://$USER_HOME$/.jdks/corretto-19.0.2/lib/src.zip!/java.security.jgss" type="simple" />
            <root url="jar://$USER_HOME$/.jdks/corretto-19.0.2/lib/src.zip!/java.security.sasl" type="simple" />
            <root url="jar://$USER_HOME$/.jdks/corretto-19.0.2/lib/src.zip!/jdk.internal.vm.ci" type="simple" />
            <root url="jar://$USER_HOME$/.jdks/corretto-19.0.2/lib/src.zip!/jdk.management.jfr" type="simple" />
            <root url="jar://$USER_HOME$/.jdks/corretto-19.0.2/lib/src.zip!/java.management.rmi" type="simple" />
            <root url="jar://$USER_HOME$/.jdks/corretto-19.0.2/lib/src.zip!/java.transaction.xa" type="simple" />
            <root url="jar://$USER_HOME$/.jdks/corretto-19.0.2/lib/src.zip!/jdk.crypto.cryptoki" type="simple" />
            <root url="jar://$USER_HOME$/.jdks/corretto-19.0.2/lib/src.zip!/jdk.incubator.vector" type="simple" />
            <root url="jar://$USER_HOME$/.jdks/corretto-19.0.2/lib/src.zip!/jdk.internal.jvmstat" type="simple" />
            <root url="jar://$USER_HOME$/.jdks/corretto-19.0.2/lib/src.zip!/jdk.management.agent" type="simple" />
            <root url="jar://$USER_HOME$/.jdks/corretto-19.0.2/lib/src.zip!/jdk.unsupported.desktop" type="simple" />
            <root url="jar://$USER_HOME$/.jdks/corretto-19.0.2/lib/src.zip!/jdk.incubator.concurrent" type="simple" />
            <root url="jar://$USER_HOME$/.jdks/corretto-19.0.2/lib/src.zip!/jdk.internal.vm.compiler" type="simple" />
            <root url="jar://$USER_HOME$/.jdks/corretto-19.0.2/lib/src.zip!/jdk.internal.vm.compiler.management" type="simple" />
          </root>
        </sourcePath>
      </roots>
    </jdk>
  </component>
</application>