<application>
  <component name="BuildProcessSatisfactionSurveyStore">
    <option name="daysWithGradleBuilds" value="11" />
    <option name="firstKotlinGradleBuildTime" value="1727183176" />
    <option name="lastKotlinGradleBuildTime" value="1730283460" />
    <option name="nextCountedGradleBuild" value="1730288563" />
  </component>
  <component name="KotlinNewUserTracker">
    <option name="firstKtFileOpened" value="1714649549" />
    <option name="lastKtFileOpened" value="1730466720" />
  </component>
</application>