<application>
  <component name="LafManager">
    <laf themeId="com.github.catppuccin.mocha.jetbrains" />
    <preferred-dark-laf themeId="com.github.catppuccin.mocha.jetbrains" />
    <lafs-to-previous-schemes>
      <laf-to-scheme laf="Arc Dark (Material)" scheme="_@user_Arc Dark (Material)" />
      <laf-to-scheme laf="Atom One Dark (Material)" scheme="Atom One Dark (Material)" />
      <laf-to-scheme laf="ExperimentalDark" scheme="_@user_Dark" />
      <laf-to-scheme laf="High contrast" scheme="_@user_High contrast" />
      <laf-to-scheme laf="IntelliJ Light" scheme="_@user_IntelliJ Light" />
      <laf-to-scheme laf="Material Darker" scheme="_@user_Material Darker" />
      <laf-to-scheme laf="Material Deep Ocean" scheme="_@user_Material Deep Ocean" />
      <laf-to-scheme laf="Material Volcano" scheme="_@user_Material Volcano" />
      <laf-to-scheme laf="Monokai Pro (Material)" scheme="_@user_Monokai Pro (Material)" />
      <laf-to-scheme laf="Moonlight (Material)" scheme="_@user_Moonlight (Material)" />
      <laf-to-scheme laf="Night Owl (Material)" scheme="_@user_Night Owl (Material)" />
      <laf-to-scheme laf="One Dark" scheme="_@user_Dark" />
    </lafs-to-previous-schemes>
  </component>
</application>