<application>
  <component name="ProjectManager">
    <defaultProject>
      <component name="ProjectView">
        <navigator proportions="" version="1" />
        <panes />
      </component>
      <component name="ProjectViewState">
        <option name="hideEmptyMiddlePackages" value="true" />
        <option name="showLibraryContents" value="true" />
      </component>
      <component name="PropertiesComponent"><![CDATA[{
  "keyToString": {
    "last_opened_file_path": "//wsl$/Ubuntu-20.04/home/cdr"
  }
}]]></component>
      <component name="VcsDirectoryMappings" defaultProject="true" />
      <component name="WindowStateProjectService">
        <state x="549" y="183" key="FileChooserDialogImpl" timestamp="1726819487541">
          <screen x="0" y="32" width="1536" height="832" />
        </state>
        <state x="549" y="183" key="FileChooserDialogImpl/0.32.1536.832" timestamp="1726819487541" />
      </component>
    </defaultProject>
  </component>
</application>