<application>
  <component name="SshConfigs">
    <configs>
      <sshConfig authType="OPEN_SSH" host="toor" id="13117c74-f10f-4b2c-b671-24f36afcf2ee" port="12345" nameFormat="DESCRIPTIVE" username="root" useOpenSSHConfig="true" />
      <sshConfig authType="OPEN_SSH" host="toor" id="5212461c-faaf-4157-963f-eb8ba8c8f6c9" port="12345" nameFormat="DESCRIPTIVE" username="root@localhost" useOpenSSHConfig="true" />
      <sshConfig authType="OPEN_SSH" host="localhost" id="f08660c4-cddb-423c-87d6-893e116a56f7" port="12345" nameFormat="DESCRIPTIVE" username="root" useOpenSSHConfig="true" />
      <sshConfig host="localhost" id="e30936ff-acb5-49cc-baca-d490242ba7af" keyPath="toor" port="12345" nameFormat="DESCRIPTIVE" username="root" useOpenSSHConfig="true" />
    </configs>
  </component>
</application>