<application>
  <component name="BlockTerminalUsage">
    <option name="blockTerminalUsedLastVersion" value="242.21829.142" />
    <option name="feedbackNotificationShown" value="true" />
    <shellToExecutedCommandsNumber>
      <entry key="powershell" value="43" />
    </shellToExecutedCommandsNumber>
  </component>
  <component name="TerminalOptionsProvider">
    <option name="myShellPath" value="C:\Program Files\Git\bin\bash.exe" />
    <option name="mySoundBell" value="false" />
  </component>
</application>