<application>
  <component name="Trusted.Paths">
    <option name="TRUSTED_PROJECT_PATHS">
      <map>
        <entry key="C:\Users\codri\AppData\Local\JetBrains\IntelliJIdea2024.2\frontend\per_process_config_0\thinProject" value="true" />
        <entry key="C:\Users\codri\AppData\Local\JetBrains\IntelliJIdea2024.2\frontend\per_process_config_0\thinProject1" value="true" />
        <entry key="C:\Users\codri\AppData\Local\JetBrains\IntelliJIdea2024.2\frontend\per_process_config_0\thinProject2" value="true" />
        <entry key="C:\Users\codri\AppData\Local\JetBrains\IntelliJIdea2024.2\frontend\per_process_config_0\thinProject3" value="true" />
        <entry key="C:\Users\codri\IdeaProjects\BootstrappingOptimization" value="true" />
        <entry key="C:\Users\codri\IdeaProjects\ComplexityEvaluator" value="true" />
        <entry key="C:\Users\codri\IdeaProjects\Flowers" value="true" />
        <entry key="C:\Users\codri\IdeaProjects\Haskell" value="true" />
        <entry key="C:\Users\codri\IdeaProjects\HaskellProj" value="true" />
        <entry key="C:\Users\codri\IdeaProjects\Haskell\Haskell" value="true" />
        <entry key="C:\Users\codri\IdeaProjects\NewTest" value="true" />
        <entry key="C:\Users\codri\IdeaProjects\Parsing" value="true" />
        <entry key="C:\Users\codri\IdeaProjects\Practice" value="true" />
        <entry key="C:\Users\codri\IdeaProjects\RunTest" value="true" />
        <entry key="C:\Users\codri\IdeaProjects\SEM16a" value="true" />
        <entry key="C:\Users\codri\IdeaProjects\ScalaPractice" value="true" />
        <entry key="C:\Users\codri\IdeaProjects\ScalaTest" value="true" />
        <entry key="C:\Users\codri\IdeaProjects\Sokoban4J" value="true" />
        <entry key="C:\Users\codri\IdeaProjects\SpaceTraders" value="true" />
        <entry key="C:\Users\codri\IdeaProjects\StaticAnalyzer" value="true" />
        <entry key="C:\Users\codri\IdeaProjects\Tauri" value="true" />
        <entry key="C:\Users\codri\IdeaProjects\Test" value="true" />
        <entry key="C:\Users\codri\IdeaProjects\TestProj" value="true" />
        <entry key="C:\Users\codri\IdeaProjects\assignment-2-search-and-inference-main" value="true" />
        <entry key="C:\Users\codri\IdeaProjects\dapc_practice" value="true" />
        <entry key="C:\Users\codri\IdeaProjects\demo" value="true" />
        <entry key="C:\Users\codri\IdeaProjects\desosa2024x" value="true" />
        <entry key="C:\Users\codri\IdeaProjects\detect-and-extract-advertisements-on-television" value="true" />
        <entry key="C:\Users\codri\IdeaProjects\ftrd" value="true" />
        <entry key="C:\Users\codri\IdeaProjects\haskell-test" value="true" />
        <entry key="C:\Users\codri\IdeaProjects\interview" value="true" />
        <entry key="C:\Users\codri\IdeaProjects\latex-cv" value="true" />
        <entry key="C:\Users\codri\IdeaProjects\minigrep" value="true" />
        <entry key="C:\Users\codri\IdeaProjects\neXt" value="true" />
        <entry key="C:\Users\codri\IdeaProjects\next" value="true" />
        <entry key="C:\Users\codri\IdeaProjects\np-hard" value="true" />
        <entry key="C:\Users\codri\IdeaProjects\programming-playground" value="true" />
        <entry key="C:\Users\codri\IdeaProjects\slint-rust-template" value="true" />
        <entry key="C:\Users\codri\IdeaProjects\spotify-cli" value="true" />
        <entry key="C:\Users\codri\IdeaProjects\tauri" value="true" />
        <entry key="C:\Users\codri\IdeaProjects\tauri-test" value="true" />
        <entry key="C:\Users\codri\IdeaProjects\team-54" value="true" />
        <entry key="C:\Users\codri\IdeaProjects\team-61" value="true" />
        <entry key="C:\Users\codri\IdeaProjects\test" value="true" />
        <entry key="C:\Users\codri\IdeaProjects\testtest" value="true" />
        <entry key="C:\Users\codri\IdeaProjects\tmp" value="true" />
        <entry key="C:\Users\codri\codrin\cs_y1\q1\architecture\desosa2024x" value="true" />
        <entry key="C:\Users\codri\temp\NewTest" value="true" />
      </map>
    </option>
  </component>
</application>