<application>
  <component name="DimensionService">
    <location key="find.popup.0.0.1920.1080@120dpi" x="724" y="168" />
    <location key="REMOTE_DEVELOPMENT_CONNECTION.0.0.1920.1080@120dpi" x="451" y="131" />
    <location key="find.popup.0.0.1920.1080" x="724" y="167" />
    <size key="GridCell.Tab.0.left.0.0.1920.1080@120dpi" width="1818" height="300" />
    <size key="GridCell.Tab.0.center.0.0.1920.1080@120dpi" width="1818" height="300" />
    <size key="GridCell.Tab.0.right.0.0.1920.1080@120dpi" width="1818" height="300" />
    <size key="GridCell.Tab.0.bottom.0.0.1920.1080@120dpi" width="1818" height="300" />
    <size key="find.popup.0.0.1920.1080@120dpi" width="848" height="705" />
    <size key="GridCell.Tab.1.left.0.0.1920.1080@120dpi" width="1818" height="300" />
    <size key="GridCell.Tab.1.center.0.0.1920.1080@120dpi" width="1818" height="300" />
    <size key="GridCell.Tab.1.right.0.0.1920.1080@120dpi" width="1818" height="300" />
    <size key="GridCell.Tab.1.bottom.0.0.1920.1080@120dpi" width="1818" height="300" />
    <size key="GridCell.Tab.0.left.0.0.1920.1080" width="1838" height="330" />
    <size key="GridCell.Tab.0.center.0.0.1920.1080" width="1838" height="330" />
    <size key="GridCell.Tab.0.right.0.0.1920.1080" width="1838" height="330" />
    <size key="GridCell.Tab.0.bottom.0.0.1920.1080" width="1838" height="330" />
    <size key="GridCell.Tab.1.left.0.0.1920.1080" width="1838" height="330" />
    <size key="GridCell.Tab.1.center.0.0.1920.1080" width="1838" height="330" />
    <size key="GridCell.Tab.1.right.0.0.1920.1080" width="1838" height="330" />
    <size key="GridCell.Tab.1.bottom.0.0.1920.1080" width="1838" height="330" />
    <size key="REMOTE_DEVELOPMENT_CONNECTION.0.0.1920.1080@120dpi" width="1019" height="873" />
    <size key="GridCell.Tab.0.left.0.-1080.1920.1080" width="1838" height="447" />
    <size key="GridCell.Tab.0.center.0.-1080.1920.1080" width="1838" height="447" />
    <size key="GridCell.Tab.0.right.0.-1080.1920.1080" width="1838" height="447" />
    <size key="GridCell.Tab.0.bottom.0.-1080.1920.1080" width="1838" height="447" />
    <size key="GridCell.Tab.1.left.0.-1080.1920.1080" width="1838" height="265" />
    <size key="GridCell.Tab.1.center.0.-1080.1920.1080" width="1838" height="265" />
    <size key="GridCell.Tab.1.right.0.-1080.1920.1080" width="1838" height="265" />
    <size key="GridCell.Tab.1.bottom.0.-1080.1920.1080" width="1838" height="265" />
    <size key="find.popup.0.0.1920.1080" width="645" height="840" />
    <size key="GridCell.Tab.0.left.2.-1080.1920.1080" width="1454" height="345" />
    <size key="GridCell.Tab.0.center.2.-1080.1920.1080" width="1454" height="345" />
    <size key="GridCell.Tab.0.right.2.-1080.1920.1080" width="1454" height="345" />
    <size key="GridCell.Tab.0.bottom.2.-1080.1920.1080" width="1454" height="345" />
    <size key="GridCell.Tab.1.left.2.-1080.1920.1080" width="1838" height="287" />
    <size key="GridCell.Tab.1.center.2.-1080.1920.1080" width="1838" height="287" />
    <size key="GridCell.Tab.1.right.2.-1080.1920.1080" width="1838" height="287" />
    <size key="GridCell.Tab.1.bottom.2.-1080.1920.1080" width="1838" height="287" />
    <size key="GridCell.Tab.2.left.0.0.1920.1080@120dpi" width="1818" height="279" />
    <size key="GridCell.Tab.2.center.0.0.1920.1080@120dpi" width="1818" height="279" />
    <size key="GridCell.Tab.2.right.0.0.1920.1080@120dpi" width="1818" height="279" />
    <size key="GridCell.Tab.2.bottom.0.0.1920.1080@120dpi" width="1818" height="279" />
  </component>
  <component name="WindowManager">
    <frame x="-10" y="0" width="1933" height="1050" extendedState="6" />
  </component>
  <component name="WindowStateApplicationService">
    <state x="592" y="196" key="FileChooserDialogImpl" timestamp="1728297087327">
      <screen x="0" y="32" width="1536" height="832" />
    </state>
    <state x="592" y="196" key="FileChooserDialogImpl/0.32.1536.832" timestamp="1728297087327" />
    <state x="592" y="196" key="FileChooserDialogImpl/0.32.1536.832/2.-1050.1920.1050" timestamp="1726760096040" />
    <state x="768" y="451" width="1550" height="846" key="WELCOME_SCREEN" timestamp="1729597196099">
      <screen x="0" y="32" width="1536" height="832" />
    </state>
    <state x="768" y="451" width="1549" height="838" key="WELCOME_SCREEN/0.0.1536.864" timestamp="1722078215668" />
    <state x="768" y="451" width="1550" height="846" key="WELCOME_SCREEN/0.32.1536.832" timestamp="1729597196099" />
    <state x="960" y="-525" width="1936" height="1066" key="WELCOME_SCREEN/0.32.1536.832/0.-1050.1920.1050" timestamp="1726836726370" />
    <state x="962" y="-522" width="1936" height="1066" key="WELCOME_SCREEN/0.32.1536.832/2.-1050.1920.1050" timestamp="1727193026765" />
    <state x="503" y="85" width="800" height="721" key="new project wizard" timestamp="1728475837739">
      <screen x="0" y="32" width="1536" height="832" />
    </state>
    <state x="503" y="85" width="800" height="721" key="new project wizard/0.32.1536.832" timestamp="1728475837739" />
    <state x="368" y="95" width="800" height="724" key="new project wizard/0.32.1536.832/2.-1050.1920.1050" timestamp="1727193138886" />
  </component>
</application>