<application>
  <component name="WslLocalRecentConnectionsManager">
    <option name="connections">
      <list>
        <LocalRecentConnectionState>
          <option name="configId" value="Ubuntu-20.04" />
          <option name="projects">
            <list>
              <RecentProjectState>
                <option name="date" value="1726855603939" />
                <option name="latestUsedIde">
                  <RecentProjectInstalledIde>
                    <option name="buildNumber" value="242.20224.159" />
                    <option name="pathToIde" value="/home/cdr/.cache/JetBrains/RemoteDev/dist/a69f38a6afdb0_ideaIU-242.20224.159" />
                    <option name="productCode" value="IU" />
                  </RecentProjectInstalledIde>
                </option>
                <option name="productCode" value="IU" />
                <option name="projectPath" value="/home/cdr/ftrd" />
              </RecentProjectState>
              <RecentProjectState>
                <option name="date" value="1726820092740" />
                <option name="latestUsedIde">
                  <RecentProjectInstalledIde>
                    <option name="buildNumber" value="242.20224.159" />
                    <option name="pathToIde" value="/home/cdr/.cache/JetBrains/RemoteDev/dist/a69f38a6afdb0_ideaIU-242.20224.159" />
                    <option name="productCode" value="IU" />
                  </RecentProjectInstalledIde>
                </option>
                <option name="productCode" value="IU" />
                <option name="projectPath" value="/home/cdr" />
              </RecentProjectState>
            </list>
          </option>
        </LocalRecentConnectionState>
      </list>
    </option>
  </component>
</application>