<keymap version="1" name="Windows copy" parent="$default">
  <action id="ChangesView.Shelve">
    <keyboard-shortcut first-keystroke="shift ctrl h" />
  </action>
  <action id="ChangesView.ShelveSilently" />
  <action id="CloseContent">
    <keyboard-shortcut first-keystroke="ctrl f4" />
    <keyboard-shortcut first-keystroke="alt w" />
  </action>
  <action id="EditorBackwardParagraph">
    <keyboard-shortcut first-keystroke="ctrl alt open_bracket" />
  </action>
  <action id="EditorDown">
    <keyboard-shortcut first-keystroke="down" />
    <keyboard-shortcut first-keystroke="ctrl j" />
  </action>
  <action id="EditorForwardParagraph">
    <keyboard-shortcut first-keystroke="ctrl alt close_bracket" />
  </action>
  <action id="EditorLeft">
    <keyboard-shortcut first-keystroke="left" />
    <keyboard-shortcut first-keystroke="ctrl h" />
  </action>
  <action id="EditorRight">
    <keyboard-shortcut first-keystroke="right" />
    <keyboard-shortcut first-keystroke="ctrl l" />
  </action>
  <action id="EditorToggleCase" />
  <action id="EditorUp">
    <keyboard-shortcut first-keystroke="up" />
    <keyboard-shortcut first-keystroke="ctrl k" />
  </action>
  <action id="Generate">
    <keyboard-shortcut first-keystroke="alt insert" />
    <keyboard-shortcut first-keystroke="shift ctrl alt enter" />
  </action>
  <action id="GitCheckoutAction">
    <keyboard-shortcut first-keystroke="ctrl alt t" />
  </action>
  <action id="GitCheckoutFromInputAction">
    <keyboard-shortcut first-keystroke="ctrl alt t" />
  </action>
  <action id="NextProjectWindow" />
  <action id="PreviousProjectWindow" />
  <action id="QuickJavaDoc">
    <mouse-shortcut keystroke="alt button2" />
    <keyboard-shortcut first-keystroke="alt q" />
  </action>
  <action id="SelectNextOccurrence">
    <keyboard-shortcut first-keystroke="alt j" />
    <keyboard-shortcut first-keystroke="shift alt left" />
  </action>
  <action id="ShowUmlDiagramPopup" />
  <action id="Vcs.Log.ShowTooltip">
    <mouse-shortcut keystroke="alt button2" />
    <keyboard-shortcut first-keystroke="alt q" />
  </action>
  <action id="Vcs.Shelf.UnshelveChanges">
    <keyboard-shortcut first-keystroke="shift ctrl u" />
  </action>
</keymap>